0,-0.364663448663674,0
0.01,-0.362009114816455,-0.171767609374183
0.02,-0.359302409825478,-0.503404538619672
0.03,-0.356539450864748,-0.702405749366955
0.04,-0.353716326853915,-0.639373576960129
0.05,-0.350829104009014,-0.406514351363534
0.06,-0.34787383145343,-0.210076831319665
0.07,-0.344846546882719,-0.19570159805173
0.08,-0.341743282276811,-0.3388331179553
0.09,-0.338560069653102,-0.494689232762533
0.1,-0.335292946853816,-0.536371002683952
0.11,-0.331937963361064,-0.449844794349139
0.12,-0.328491186132869,-0.321774437341154
0.13,-0.324948705453498,-0.256604095233889
0.14,-0.321306640791332,-0.291125494093965
0.15,-0.317561146657534,-0.376551212547892
0.16,-0.313708418458721,-0.433040755349842
0.17,-0.309744698336881,-0.418045096563029
0.18,-0.305666280989738,-0.352705617001434
0.19,-0.301469519464793,-0.293433394796515
0.2,-0.297150830920285,-0.282052080737501
0.21,-0.29270670234633,-0.314948198304435
0.22,-0.288133696239527,-0.353907840856999
0.23,-0.283428456224366,-0.362919923143933
0.24,-0.278587712614792,-0.335992391322444
0.25,-0.27360828790937,-0.296476948101197
0.26,-0.268487102213499,-0.273274606324869
0.27,-0.263221178582246,-0.277149974494746
0.28,-0.2578076482774,-0.295322308048975
0.29,-0.252243755932439,-0.305814317516987
0.3,-0.246526864619198,-0.296350467724912
0.31,-0.240654460810107,-0.273037133786578
0.32,-0.234624159229959,-0.251461035030975
0.33,-0.228433707591302,-0.242999227813394
0.34,-0.22208099120763,-0.246471137193325
0.35,-0.215564037478691,-0.250951496145694
0.36,-0.208881020242331,-0.246776320497539
0.37,-0.202030263987448,-0.232642912922095
0.38,-0.195010247922756,-0.215490896393771
0.39,-0.187819609896194,-0.203166193190828
0.4,-0.180457150159976,-0.198165098590139
0.41,-0.172921834976431,-0.196457671524205
0.42,-0.165212800059933,-0.191850906991903
0.43,-0.157329353850393,-0.181564219399726
0.44,-0.149270980613954,-0.167620407759
0.45,-0.141037343366703,-0.154701457953655
0.46,-0.132628286617397,-0.145586844220052
0.47,-0.124043838925375,-0.139272488517352
0.48,-0.115284215270039,-0.132545904475239
0.49,-0.106349819228437,-0.122880805849506
0.5,-0.097241244957744,-0.110570408484988
0.51,-0.0879592789795555,-0.0977968678193166
0.52,-0.078504901763193,-0.0866849173248457
0.53,-0.0688792891053659,-0.0773649452803008
0.54,-0.0590838133037828,-0.0684121625309699
0.55,-0.0491200441225026,-0.0581363698774086
0.56,-0.0389897495470334,-0.0461493856639511
0.57,-0.0286948963274136,-0.0334118571848915
0.58,-0.0182376503077232,-0.0212131026188965
0.59,-0.00762037654069736,-0.010070343159807
0.6,0.00315436081365417,0.000663839753142641
0.61,0.014083798806299,0.0119313748698313
0.62,0.0251649762349511,0.0242571197603546
0.63,0.0363947343977715,0.0372934228157519
0.64,0.0477697180651904,0.05023400517442
0.65,0.0592863766698022,0.06252708335092
0.66,0.0709409657140625,0.074443116514718
0.67,0.0827295483952746,0.0866593983138607
0.68,0.0946479974471324,0.0995795795132222
0.69,0.106691997196849,0.1129575059869
0.7,0.118857045836662,0.126472561777558
0.71,0.131138457908307,0.139561932912621
0.72,0.143531366998769,0.152292268976026
0.73,0.156030728645461,0.165160142164376
0.74,0.168631323448683,0.178544940024035
0.75,0.181327760389059,0.19240376962842
0.76,0.194114480347358,0.206237718380034
0.77,0.20698575982395,0.219782149818656
0.78,0.219935714854885,0.233035059445844
0.79,0.232958305121377,0.246350772845511
0.8,0.246047338249294,0.260002767321264
0.81,0.259196474294987,0.274077180141008
0.82,0.272399230413649,0.288169803380312
0.83,0.285648985706139,0.301929119851152
0.84,0.298938986240052,0.315366745427545
0.85,0.312262350240585,0.328794361851763
0.86,0.325612073446576,0.342563192709787
0.87,0.338981034626918,0.356639842057923
0.88,0.352362001252339,0.37065357581857
0.89,0.365747635317387,0.384337242360523
0.9,0.379130499307283,0.397685192612515
0.91,0.392503062304128,0.411058399313986
0.92,0.405857706226794,0.424672527097723
0.93,0.419186732198684,0.438476380931489
0.94,0.43248236703738,0.452158407443904
0.95,0.445736769860056,0.465486270660414
0.96,0.45894203879841,0.478545473293522
0.97,0.472090217816712,0.49149917258944
0.98,0.48517330362647,0.504653123430476
0.99,0.498183252691056,0.517951920173423
1,0.511111988313567,0.531087175171742
1.01,0.523951407801054,0.543834980393924
1.02,0.536693389698164,0.556181607182534
1.03,0.549329801083158,0.568510778654899
1.04,0.561852504919161,0.581002399055368
1.05,0.574253367453449,0.593539631149912
1.06,0.586524265657473,0.605983477901197
1.07,0.598657094700292,0.617870667890921
1.08,0.610643775447993,0.629066263666374
1.09,0.622476261981671,0.640140106434194
1.1,0.634146549126452,0.651746086579653
1.11,0.645646679984045,0.663668074993418
1.12,0.656968753461268,0.675149126688983
1.13,0.668104931786967,0.685714126147401
1.14,0.679047448009756,0.695733451991526
1.15,0.689788613468982,0.705748940904261
1.16,0.700320825231327,0.716243569461847
1.17,0.710636573485492,0.726811697454521
1.18,0.720728448887396,0.736829103236108
1.19,0.730589149848367,0.746015519537631
1.2,0.740211489758842,0.754696159999402
1.21,0.749588404140125,0.763541322848483
1.22,0.758712957716807,0.772640076486298
1.23,0.767578351402512,0.781578371909079
1.24,0.776177929191681,0.789856823586124
1.25,0.784505184950226,0.797533657715749
1.26,0.792553769097899,0.804839354106776
1.27,0.800317495175368,0.812238273213313
1.28,0.807790346289054,0.819676051866685
1.29,0.814966481426895,0.82690423140343
1.3,0.82184024163832,0.833669452941819
1.31,0.828406156071817,0.83945499944355
1.32,0.834658947863614,0.844599755436911
1.33,0.840593539871116,0.850038895550178
1.34,0.846205060244893,0.856081013979893
1.35,0.851488847833127,0.861909286017882
1.36,0.856440457412613,0.866612073833782
1.37,0.861055664740533,0.870273939388707
1.38,0.865330471421406,0.8737516093862
1.39,0.869261109583782,0.877624571197831
1.4,0.872844046361407,0.881637842580612
1.41,0.876075988173785,0.885159890451107
1.42,0.878953884801244,0.887692480054444
1.43,0.881474933249794,0.889579802079906
1.44,0.883636581401269,0.89138064937851
1.45,0.885436531444445,0.893331404839816
1.46,0.886872743083045,0.895196007749769
1.47,0.887943436516705,0.896417598236162
1.48,0.888647095191266,0.89695580500737
1.49,0.888982468314895,0.896847777563961
1.5,0.888948573136827,0.89675734071257
1.51,0.888544696985701,0.896759417108833
1.52,0.887770399064711,0.896510291964422
1.53,0.886625512001042,0.895563918868799
1.54,0.885110143147256,0.893768044877309
1.55,0.883224675632575,0.891755238060627
1.56,0.880969769162224,0.889705684482117
1.57,0.878346360563244,0.887719222306644
1.58,0.87535566407545,0.885323265974234
1.59,0.871999171386424,0.882141793086285
1.6,0.868278651409712,0.87839062052699
1.61,0.864196149805632,0.87420434245105
1.62,0.85975398824435,0.870242508844908
1.63,0.854954763411144,0.866255330394495
1.64,0.84980134575402,0.8618177413468
1.65,0.844296877974097,0.856571657404142
1.66,0.838444773259446,0.850495616776913
1.67,0.8322487132633,0.844484810335158
1.68,0.825712645827835,0.838679788527146
1.69,0.818840782454941,0.83279496475472
1.7,0.811637595525671,0.826330837169009
1.71,0.80410781527033,0.818902593118813
1.72,0.796256426491359,0.810822890434632
1.73,0.788088665041474,0.802914821022701
1.74,0.779610014059731,0.795419628450593
1.75,0.770826199968445,0.787792931423557
1.76,0.761743188234135,0.779281683752057
1.77,0.752367178895889,0.769938901159474
1.78,0.742704601864802,0.760149070055079
1.79,0.732762111998353,0.750702960058254
1.8,0.722546583953836,0.741446477910937
1.81,0.712065106825158,0.731924296410787
1.82,0.701324978567568,0.721580339535463
1.83,0.690333700215088,0.710511326501019
1.84,0.679098969895611,0.69936079446713
1.85,0.667628676648889,0.688460628901671
1.86,0.655930894052774,0.67759147418168
1.87,0.644013873663332,0.666330548831899
1.88,0.631886038274612,0.654444760888957
1.89,0.619555975004051,0.642043486679632
1.9,0.60703242820968,0.629669493930354
1.91,0.594324292245468,0.617427863902809
1.92,0.581440604061321,0.605167093382927
1.93,0.568390535654418,0.592606354185394
1.94,0.555183386378721,0.579473156143925
1.95,0.541828575119641,0.565788601083078
1.96,0.528335632341027,0.552176867610386
1.97,0.514714192011716,0.538933904970507
1.98,0.500973983419103,0.52584959237179
1.99,0.487124822877228,0.512288067464024
2,0.473176605337064,0.498088222199117
2.01,0.459139295906762,0.48354098933868
2.02,0.445022921289738,0.469182678498729
2.03,0.430837561148551,0.455197501061907
2.04,0.416593339402654,0.44124705569008
2.05,0.402300415468151,0.426919098930505
2.06,0.387968975447759,0.412081799363361
2.07,0.373609223279277,0.397132269493198
2.08,0.359231371850888,0.382379085050427
2.09,0.344845634091676,0.367903772538459
2.1,0.330462214045793,0.353448264394352
2.11,0.316091297938741,0.338736464830545
2.12,0.301743045244241,0.323748766635056
2.13,0.287427579760209,0.308624497859357
2.14,0.273154980702337,0.293748296096491
2.15,0.258935273823798,0.279166398835344
2.16,0.244778422569579,0.264676915217627
2.17,0.230694319273923,0.250012066994155
2.18,0.216692776409352,0.235102650499588
2.19,0.202783517895688,0.220183173150523
2.2,0.188976170477472,0.205432427458467
2.21,0.175280255178114,0.191087096348173
2.22,0.161705178839051,0.177180942992282
2.23,0.148260225752131,0.163303683504258
2.24,0.134954549393367,0.148956651338222
2.25,0.121797164266111,0.134223869534078
2.26,0.108796937861619,0.119714663376761
2.27,0.0959625827448765,0.106072789751135
2.28,0.0833026487734507,0.0931237743145699
2.29,0.0708255154570123,0.0801735308340315
2.3,0.0585393844650592,0.066785830398055
2.31,0.0464522722902418,0.0529637487109672
2.32,0.0345720030745496,0.0394798713483929
2.33,0.0229062016054786,0.0267906231314474
2.34,0.01146228648915,0.0147930293590251
2.35,0.00024746350718674,0.00301425620769712
2.36,-0.0107312808360071,-0.00909239373960858
2.37,-0.021467185569087,-0.0213892680807589
2.38,-0.0319537213064371,-0.0334711481107127
2.39,-0.0421845960915577,-0.0448326107792187
2.4,-0.0521537610252466,-0.0554718152453573
2.41,-0.0618554156728612,-0.0658728399191184
2.42,-0.0712840132451261,-0.0763618138307566
2.43,-0.0804342655471959,-0.0869307299188351
2.44,-0.0893011476908525,-0.0972092127641061
2.45,-0.0978799025649838,-0.106996982529026
2.46,-0.106166045059666,-0.116064097949299
2.47,-0.114155366039447,-0.124654517989464
2.48,-0.121843936061629,-0.133265096147311
2.49,-0.129228108835599,-0.141851793998982
2.5,-0.136304524419507,-0.150207038263622
2.51,-0.143070112150819,-0.157996743460408
2.52,-0.149522093307547,-0.165215956235775
2.53,-0.155657983497185,-0.171987185668699
2.54,-0.161475594770658,-0.178504948356244
2.55,-0.166973037458846,-0.184886771659307
2.56,-0.172148721729505,-0.191004771766705
2.57,-0.177001358862671,-0.197059782122835
2.58,-0.181529962242907,-0.202523141036195
2.59,-0.185733848067023,-0.206821399416707
2.6,-0.189612635766161,-0.21037476360679
2.61,-0.19316624814142,-0.214204686971051
2.62,-0.196394911212476,-0.218596544812379
2.63,-0.199299153778902,-0.222855101697757
2.64,-0.201879806694197,-0.226179001539778
2.65,-0.204138001852802,-0.228461470246545
2.66,-0.206075170890648,-0.23005434359028
2.67,-0.207693043600056,-0.231655219877304
2.68,-0.208993646060117,-0.233444342379725
2.69,-0.209979298483902,-0.235158740942398
2.7,-0.210652612784186,-0.236309735044729
2.71,-0.211016489859588,-0.236719479485413
2.72,-0.211074116603345,-0.236483529942245
2.73,-0.210828962637185,-0.235971913022403
2.74,-0.210284776773029,-0.235437757846
2.75,-0.209445583205546,-0.234807880681589
2.76,-0.208315677438815,-0.233813377074645
2.77,-0.20689962195062,-0.23226778899178
2.78,-0.205202241598182,-0.230221316609432
2.79,-0.203228618769363,-0.227805190453913
2.8,-0.200984088283619,-0.225280107447294
2.81,-0.198474232047273,-0.222585517527934
2.82,-0.195704873467863,-0.219679076053886
2.83,-0.192682071632607,-0.216427489812397
2.84,-0.189412115256233,-0.212615627235829
2.85,-0.185901516403663,-0.208404209670466
2.86,-0.182157003993267,-0.20406510157402
2.87,-0.178185517086607,-0.199684357615601
2.88,-0.173994197970839,-0.19523420998459
2.89,-0.1695903850401,-0.190439103362154
2.9,-0.164981605482458,-0.185147157657907
2.91,-0.160175567779176,-0.179561531633542
2.92,-0.155180154023225,-0.173766443587914
2.93,-0.150003412064186,-0.167994203138337
2.94,-0.144653547486841,-0.162173752703441
2.95,-0.139138915430938,-0.156136967661037
2.96,-0.133468012259755,-0.149891764673445
2.97,-0.127649467085288,-0.143147868615401
2.98,-0.121692033157981,-0.136130691314736
2.99,-0.115604579129103,-0.129241403643215
3,-0.109396080194003,-0.122529724000647
3.01,-0.103075609124565,-0.11582707869056
3.02,-0.0966523271993726,-0.109235477613694
3.03,-0.090135475040121,-0.102201889664891
3.04,-0.0835343633629926,-0.0940606014147233
3.05,-0.076858363653752,-0.0852735020490661
3.06,-0.0701168987754346,-0.0771748891081182
3.07,-0.0633194335175634,-0.0706808283973222
3.08,-0.0564754650959094,-0.0645858926698962
3.09,-0.0495945136118604,-0.0575353778286944
3.1,-0.0426861124805308,-0.0491257951299506
3.11,-0.0357597988367621,-0.0402849518236799
3.12,-0.0288251039282349,-0.0319903022524528
3.13,-0.0218915435049041,-0.0249036479471864
3.14,-0.0149686082140066,-0.0183248184046209
3.15,-0.00806575400989151,-0.0112491569338893
3.16,-0.00119239258792869,-0.00330492936917785
3.17,0.00564211814827353,0.00497586405088181
3.18,0.0124284835771085,0.0129104061762077
3.19,0.0191574817974787,0.0200521135149433
3.2,0.0258199730064128,0.0266939666963811
3.21,0.0324069088066776,0.0334267056191925
3.22,0.0389093414353212,0.0406807408840196
3.23,0.0453184329041589,0.048229906467308
3.24,0.0516254640432692,0.05550351805684
3.25,0.0578218434386546,0.062129147381486
3.26,0.0638991162553213,0.0683014383803276
3.27,0.0698489729370981,0.0744465686092325
3.28,0.0756632577746674,0.0808213679336153
3.29,0.0813339773333404,0.0873110864810549
3.3,0.0868533087322834,0.09358274703197
3.31,0.0922136077669944,0.09941112988202
3.32,0.0974074168669865,0.10470172592383
3.33,0.102427472880771,0.109861544147775
3.34,0.107266714680406,0.115116518365459
3.35,0.111918290578002,0.120417108159112
3.36,0.11637556554679,0.125530134997929
3.37,0.120632128239496,0.130107045615382
3.38,0.124681797796975,0.134207208711223
3.39,0.128518630440234,0.138125671480546
3.4,0.132136925839166,0.141991966372763
3.41,0.13553123325156,0.145934875094388
3.42,0.1386963574261,0.149629687302031
3.43,0.141627364263327,0.152796194557243
3.44,0.144319586228771,0.155512105572915
3.45,0.14676862751263,0.157895159700196
3.46,0.148970368930682,0.160294917460878
3.47,0.150920972561295,0.162637916607138
3.48,0.15261688611368,0.164841462712991
3.49,0.154054847022767,0.166958304602391
3.5,0.155231886266351,0.168049424762434
3.51,0.156145331900391,0.168004854267668
3.52,0.156792812308645,0.167725053858554
3.53,0.157172259163048,0.168492985984126
3.54,0.157281910091552,0.170103121470302
3.55,0.157120311050394,0.171099748487193
3.56,0.15668631839804,0.170354120935359
3.57,0.155979100668362,0.168337249357643
3.58,0.154998140040834,0.166479767864667
3.59,0.153743233505878,0.165491575038945
3.6,0.152214493723736,0.164935226938273
3.61,0.150412349575561,0.163824652991214
3.62,0.148337546405691,0.16148847105101
3.63,0.145991145954386,0.158249390853074
3.64,0.143374525980571,0.154925021470626
3.65,0.140489379574468,0.151999557714252
3.66,0.13733771416024,0.14928460928368
3.67,0.133921850189116,0.146207902999274
3.68,0.130244419523729,0.142323753898066
3.69,0.126308363514713,0.137627890651365
3.7,0.122116930770881,0.132807413014849
3.71,0.11767367462463,0.128137428553552
3.72,0.112982450294468,0.123569897157507
3.73,0.108047411746891,0.118704088565681
3.74,0.102873008260108,0.113185079448612
3.75,0.0974639806923936,0.107155653682666
3.76,0.0918253574581456,0.100720085789527
3.77,0.0859624502150003,0.094400324126332
3.78,0.0798808492656418,0.0882401760495875
3.79,0.0735864186782111,0.0818572689261584
3.8,0.0670852911295072,0.0749445916417155
3.81,0.0603838624754161,0.0673870948184941
3.82,0.0534887860533113,0.0596671103466945
3.83,0.0464069667213767,0.0519888776631226
3.84,0.0391455546401167,0.0443753194313218
3.85,0.0317119388015128,0.0366641719584255
3.86,0.0241137403115965,0.0284800335977284
3.87,0.0163588054323758,0.0198177230285705
3.88,0.00845519838937925,0.0109378317283593
3.89,0.000411193951205702,0.00208269866868865
3.9,-0.00776473021218504,-0.006653584464451
3.91,-0.0160639013856151,-0.0154795263935461
3.92,-0.0244774598721003,-0.0245997351366146
3.93,-0.0329963672562773,-0.0341006343571382
3.94,-0.0416114148602865,-0.0439084818662665
3.95,-0.0503132323844515,-0.0536006171907323
3.96,-0.0590922967248297,-0.0631431074761563
3.97,-0.0679389409596008,-0.0726785091217649
3.98,-0.0768433634960248,-0.0824158700520551
3.99,-0.0857956373695986,-0.0925280083296036
4,-0.094785719686823,-0.102820819778073
4.01,-0.103803461202905,-0.113031559818794
4.02,-0.112838616025531,-0.123033913240405
4.03,-0.121880851435742,-0.132907770374403
4.04,-0.130919757816814,-0.142878555290433
4.05,-0.139944858681928,-0.153089846798535
4.06,-0.148945620791305,-0.16355642519197
4.07,-0.157911464349402,-0.17394493566075
4.08,-0.166831773272652,-0.184028159435582
4.09,-0.175695905518156,-0.193807984542655
4.1,-0.184493203463703,-0.203535435806268
4.11,-0.193213004329358,-0.213479398807089
4.12,-0.201844650630879,-0.223608134678225
4.13,-0.210377500655133,-0.233673862782724
4.14,-0.218800938947676,-0.243392633141193
4.15,-0.227104386802605,-0.252713955910984
4.16,-0.235277312744819,-0.261846097948319
4.17,-0.24330924299477,-0.271074136921529
4.18,-0.25118977190583,-0.280389688304645
4.19,-0.258908572364378,-0.28959800074576
4.2,-0.266455406142771,-0.298484195957411
4.21,-0.273820134195345,-0.306883800311985
4.22,-0.28099272688769,-0.315000257261428
4.23,-0.287963274149426,-0.32303008651527
4.24,-0.294721995540842,-0.331010178469388
4.25,-0.30125925022374,-0.339012621218411
4.26,-0.307565546827013,-0.346644874270338
4.27,-0.313631553197427,-0.353680216677342
4.28,-0.319448106026347,-0.360334474650908
4.29,-0.325006220343072,-0.366681661730709
4.3,-0.330297098865712,-0.372989380644991
4.31,-0.335312141200537,-0.379178016234381
4.32,-0.34004295288097,-0.385025252097645
4.33,-0.344481354237412,-0.390476706110768
4.34,-0.348619389089365,-0.395213001771857
4.35,-0.352449333251357,-0.399387054026456
4.36,-0.355963702844423,-0.40357137867399
4.37,-0.359155262405009,-0.407647877064186
4.38,-0.362017032783378,-0.411503997150758
4.39,-0.364542298823779,-0.414942753299003
4.4,-0.366724616818806,-0.417394184340605
4.41,-0.368557821730623,-0.418953547624597
4.42,-0.3700360341719,-0.420348117282765
4.43,-0.371153667139523,-0.421980494960949
4.44,-0.371905432494402,-0.423631941480329
4.45,-0.372286347180863,-0.42467726340531
4.46,-0.37229173917942,-0.424688403101949
4.47,-0.371917253186892,-0.423873564748442
4.48,-0.371158856018127,-0.422590728806904
4.49,-0.370012841723832,-0.42132955049023
4.5,-0.368475836419248,-0.419952194843043
4.51,-0.366544802818706,-0.418204758011631
4.52,-0.364217044471325,-0.415648058333583
4.53,-0.36149020969343,-0.412276780864126
4.54,-0.358362295193502,-0.408381034730379
4.55,-0.354831649385799,-0.404124133976223
4.56,-0.350896975389001,-0.399770345647512
4.57,-0.346557333706625,-0.39502973141915
4.58,-0.341812144586119,-0.389770037302733
4.59,-0.336661190053965,-0.383949864137275
4.6,-0.331104615624314,-0.37706194601022
4.61,-0.325142931679052,-0.369668456464021
4.62,-0.318777014517442,-0.362322731787155
4.63,-0.312008107073833,-0.354906223952558
4.64,-0.304837819302202,-0.347097819419361
4.65,-0.297268128226622,-0.338565144201917
4.66,-0.289301377657043,-0.328954621069996
4.67,-0.280940277570096,-0.31873027540226
4.68,-0.272187903154914,-0.308409098790411
4.69,-0.263047693524319,-0.29816542986486
4.7,-0.253523450091967,-0.287951155680719
4.71,-0.243619334616431,-0.277091723793948
4.72,-0.233339866913428,-0.265032362904478
4.73,-0.222689922237779,-0.252214290428549
4.74,-0.211674728336936,-0.239242905680752
4.75,-0.200299862178264,-0.226485485155873
4.76,-0.188571246352521,-0.213712315707315
4.77,-0.176495145156324,-0.200558554978099
4.78,-0.164078160356663,-0.18672511628343
4.79,-0.151327226640816,-0.171682312603367
4.8,-0.138249606755336,-0.156137215712067
4.81,-0.124852886338034,-0.140829148660453
4.82,-0.111144968447214,-0.126119639967703
4.83,-0.097134067792645,-0.111555547698604
4.84,-0.082828704673085,-0.0966450254840755
4.85,-0.068237698625408,-0.0799795986112482
4.86,-0.0533701617906707,-0.0616283091011529
4.87,-0.0382354920027201,-0.043497694525143
4.88,-0.0228433656052019,-0.0271871011698641
4.89,-0.0072037300030755,-0.0119756175787727
4.9,0.00867320404499461,0.00405362827656099
4.91,0.0247769703867697,0.0220388518150633
4.92,0.0410968556822553,0.0413754508768009
4.93,0.0576219078481213,0.0604639491490018
4.94,0.0743409447334398,0.078258980763867
4.95,0.0912425630192193,0.0952198969756328
4.96,0.108315147334014,0.112594885740388
4.97,0.125546879577675,0.131185886891895
4.98,0.142925748445127,0.150606538224807
4.99,0.160439559141839,0.169996043895027
5,0.178075943282521,0.18866236752085
5.01,0.195822368964339,0.206731189493446
5.02,0.213666151005855,0.224913996115312
5.03,0.231594461342663,0.243716381616124
5.04,0.249594339570599,0.263047263808959
5.05,0.267652703627242,0.282441792121517
5.06,0.28575636060227,0.301284969588268
5.07,0.303892017667162,0.319602842408718
5.08,0.322046293114561,0.337905492105172
5.09,0.340205727497558,0.35659287889
5.1,0.358356794859027,0.375612798037514
5.11,0.376485914041074,0.394499196484689
5.12,0.394579460064562,0.412929991776292
5.13,0.412623775568631,0.430970214168088
5.14,0.430605182300043,0.448907582689461
5.15,0.448509992642158,0.466989739586799
5.16,0.466324521173284,0.485191345276592
5.17,0.484035096244126,0.50334516384778
5.18,0.501628071564019,0.521102128075822
5.19,0.519089837785648,0.538126521236045
5.2,0.536406834077912,0.554591714410431
5.21,0.553565559676629,0.571391315040674
5.22,0.570552585402789,0.588839541263617
5.23,0.587354565138054,0.606329002501185
5.24,0.603958247247299,0.622785970964615
5.25,0.620350485937962,0.63811641073167
5.26,0.636518252546085,0.653205785913739
5.27,0.652448646738951,0.668750439105096
5.28,0.668128907624303,0.684640198169939
5.29,0.683546424756225,0.700183697877952
5.3,0.698688749027843,0.714784210487282
5.31,0.713543603441096,0.728566427786994
5.32,0.728098893743962,0.742171875025487
5.33,0.742342718925594,0.755929511041465
5.34,0.756263381560017,0.76983226416359
5.35,0.769849397989085,0.783187252848339
5.36,0.783089508335621,0.79572263173118
5.37,0.795972686337755,0.80751823556694
5.38,0.808488148995673,0.819151499335507
5.39,0.820625366022123,0.830929330592662
5.4,0.832374069088242,0.842516748563453
5.41,0.843724260856402,0.853458410037447
5.42,0.854666223792015,0.863469776074167
5.43,0.86519052874638,0.872989697980185
5.44,0.875288043302923,0.882436566430863
5.45,0.884949939879323,0.891891275607132
5.46,0.894167703578314,0.900910055793665
5.47,0.90293313978009,0.909211677970122
5.48,0.911238381469583,0.91668798397378
5.49,0.919075896291983,0.923722911694599
5.5,0.92643849333027,0.930681220078256
5.51,0.933319329598634,0.93747922796878
5.52,0.939711916246018,0.944183431479667
5.53,0.94561012446423,0.949729975027432
5.54,0.951008191095341,0.953691407920398
5.55,0.955900723933376,0.957198391318608
5.56,0.960282706715558,0.961787988830364
5.57,0.964149503798656,0.966792730585628
5.58,0.967496864516279,0.970683001992874
5.59,0.97032092721322,0.972862269802251
5.6,0.972618222953277,0.973913036705903
5.61,0.974385678897244,0.975202217770915
5.62,0.975620621348087,0.977031360272779
5.63,0.976320778460593,0.978677029686859
5.64,0.976484282613099,0.979121433717521
5.65,0.976109672439229,0.978165285924251
5.66,0.975195894517808,0.97664839845879
5.67,0.973742304719531,0.97534271553302
5.68,0.971748669209163,0.974313422242233
5.69,0.969215165102448,0.972648492982579
5.7,0.966142380777152,0.969780230387456
5.71,0.962531315838018,0.965888774072259
5.72,0.958383380735684,0.961765567808675
5.73,0.953700396039969,0.957726743518906
5.74,0.948484591368182,0.9535496544292
5.75,0.942738603969505,0.948559104695193
5.76,0.936465476966699,0.942634226577149
5.77,0.929668657256801,0.935909855510702
5.78,0.922351993072685,0.92907975729223
5.79,0.914519731207756,0.922243890190401
5.8,0.906176513906243,0.915054126696697
5.81,0.897327375421989,0.907053570616193
5.82,0.887977738248762,0.89780417970239
5.83,0.87813340902559,0.888045242780829
5.84,0.867800574120739,0.878571811449843
5.85,0.856985794898385,0.869244647688339
5.86,0.845696002672187,0.859218007979327
5.87,0.833938493350359,0.848022337892884
5.88,0.821720921777006,0.835991072343158
5.89,0.809051295774865,0.823789338449953
5.9,0.795937969894744,0.811708522222409
5.91,0.782389638877311,0.799444692199232
5.92,0.768415330833079,0.786427163012913
5.93,0.754024400146684,0.772507663868127
5.94,0.739226520111835,0.758060817751789
5.95,0.724031675303495,0.743464970436791
5.96,0.70845015369413,0.72883567776103
5.97,0.692492538521057,0.713863149545515
5.98,0.676169699912152,0.698373686500077
5.99,0.659492786277384,0.681982760683975
6,0.642473215473837,0.665134589187672
6.01,0.625122665752103,0.64828787012966
6.02,0.60745306649208,0.63142731613697
6.03,0.589476588736422,0.614260249909044
6.04,0.57120563553004,0.596316515450842
6.05,0.552652832074225,0.577751744779967
6.06,0.533831015704141,0.558936922481812
6.07,0.514753225698521,0.540090020274898
6.08,0.495432692930646,0.521267665276652
6.09,0.475882829369693,0.502021841596449
6.1,0.456117217441776,0.482257428370389
6.11,0.436149599260036,0.461905655082454
6.12,0.415993865733293,0.441263843303234
6.13,0.39566404556284,0.420820589082518
6.14,0.375174294137068,0.400366351647861
6.15,0.35453888233367,0.379659165347876
6.16,0.333772185239272,0.358315876677408
6.17,0.312888670796358,0.336413185042161
6.18,0.291902888387459,0.314519971136192
6.19,0.270829457366567,0.292850374315697
6.2,0.249683055547804,0.271278166745615
6.21,0.228478407661404,0.249396673590289
6.22,0.207230273787034,0.226980279046949
6.23,0.185953437774557,0.204295956462011
6.24,0.164662695662269,0.18146563051167
6.25,0.143372844102671,0.158946644578421
6.26,0.122098668805807,0.136664142496702
6.27,0.100854933010159,0.114210744232431
6.28,0.0796563659910448,0.0913595414496334
6.29,0.0585176516164536,0.0681634176426056
6.3,0.0374534169601319,0.0450649869162782
6.31,0.0164782209817285,0.0222920929535298
6.32,-0.00439345671630997,-0.000214922549805583
6.33,-0.0251472270454716,-0.0227709698104473
6.34,-0.0457688024920113,-0.0454675171176856
6.35,-0.066244008072463,-0.068389743707772
6.36,-0.0865587921745171,-0.0914577016090461
6.37,-0.106699237274067,-0.114094652182592
6.38,-0.12665157051937,-0.136134542536163
6.39,-0.146402174173385,-0.157961229483667
6.4,-0.165937595905493,-0.179922871527001
6.41,-0.185244558923991,-0.202133178362948
6.42,-0.204309971940862,-0.224292426519735
6.43,-0.22312093896052,-0.246049034966132
6.44,-0.241664768884403,-0.2673044495737
6.45,-0.259928984923463,-0.287953200867577
6.46,-0.277901333810773,-0.308537476898429
6.47,-0.29556979480671,-0.329246625790121
6.48,-0.31292258848933,-0.349955148957227
6.49,-0.329948185322782,-0.370362116353236
6.5,-0.346635313996829,-0.389978434594794
6.51,-0.362972969530747,-0.408781407462112
6.52,-0.378950421135105,-0.427481637071428
6.53,-0.394557219825176,-0.446102241705959
6.54,-0.40978320577995,-0.464653484294274
6.55,-0.424618515440961,-0.482937580829606
6.56,-0.43905358834541,-0.500407301410224
6.57,-0.453079173688295,-0.517109192440508
6.58,-0.466686336608519,-0.53329748134479
6.59,-0.47986646419423,-0.549228588820837
6.6,-0.492611271202881,-0.56500180970528
6.61,-0.504912805491785,-0.580366773405721
6.62,-0.516763453155216,-0.595375167408294
6.63,-0.528155943364365,-0.609451954669288
6.64,-0.539083352906753,-0.622288405390228
6.65,-0.549539110421977,-0.634836449874078
6.66,-0.559517000330951,-0.647382156816132
6.67,-0.56901116645609,-0.659756347097293
6.68,-0.57801611533016,-0.671672317939851
6.69,-0.586526719191829,-0.682388613542276
6.7,-0.594538218666218,-0.692002672433518
6.71,-0.602046225129063,-0.701044512949843
6.72,-0.609046722753371,-0.709794154768666
6.73,-0.615536070237769,-0.718368997876374
6.74,-0.621511002216003,-0.726365586260422
6.75,-0.62696863034738,-0.733668381469602
6.76,-0.631906444088184,-0.739930390708376
6.77,-0.636322311144449,-0.745043652253974
6.78,-0.640214477606698,-0.749941221220072
6.79,-0.643581567767603,-0.754415101221377
6.8,-0.646422583623765,-0.758341204528722
6.81,-0.648736904063115,-0.761790317932251
6.82,-0.650524283739745,-0.764220759644918
6.83,-0.65178485163819,-0.765789321257451
6.84,-0.652519109329554,-0.766629798144709
6.85,-0.652727928922053,-0.766818225806577
6.86,-0.652412550708909,-0.76673223878334
6.87,-0.651574580516714,-0.766053552887187
6.88,-0.650215986757733,-0.764679958501243
6.89,-0.648339097189786,-0.76246747104209
6.9,-0.645946595387706,-0.759320623312651
6.91,-0.643041516930516,-0.755735839055357
6.92,-0.63962724530883,-0.751533371746049
6.93,-0.635707507557111,-0.746626818433928
6.94,-0.631286369615768,-0.741438213909596
6.95,-0.626368231428211,-0.735544420476392
6.96,-0.620957821778292,-0.728948826214614
6.97,-0.615060192873719,-0.721597042616123
6.98,-0.608680714681293,-0.713476169913293
6.99,-0.601825069019994,-0.705028797980168
7,-0.594499243418176,-0.696073423945402
7.01,-0.586709524741305,-0.686629118396045
7.02,-0.578462492596884,-0.676616596135904
7.03,-0.569765012523372,-0.665863716324186
7.04,-0.560624228970119,-0.65460000318371
7.05,-0.551047558075454,-0.642750800611465
7.06,-0.541042680250289,-0.630478662187646
7.07,-0.530617532574707,-0.617884797202091
7.08,-0.519780301015176,-0.604763895188319
7.09,-0.508539412470181,-0.591751573336623
7.1,-0.496903526652155,-0.578818571834654
7.11,-0.484881527813782,-0.564065048977634
7.12,-0.472482516326793,-0.547135450072828
7.13,-0.459715800121548,-0.52931748280993
7.14,-0.446590885995738,-0.513050020790077
7.15,-0.433117470800696,-0.499199190151065
7.16,-0.419305432513832,-0.48534355265735
7.17,-0.405164821205829,-0.46934701749534
7.18,-0.390705849911273,-0.450842163674903
7.19,-0.375938885411474,-0.431319855661505
7.2,-0.360874438938272,-0.41250467930824
7.21,-0.345523156807649,-0.395066089699333
7.22,-0.329895810992056,-0.378209198935299
7.23,-0.314003289640309,-0.360679733294285
7.24,-0.297856587554011,-0.341666459321679
7.25,-0.281466796629385,-0.32151533653059
7.26,-0.264845096273464,-0.301349760401053
7.27,-0.248002743803543,-0.281913375247883
7.28,-0.230951064838785,-0.263036087464288
7.29,-0.213701443692852,-0.2440125254186
7.3,-0.196265313776397,-0.224256326149407
7.31,-0.178654148018209,-0.203712560273666
7.32,-0.160879449313737,-0.182951967372254
7.33,-0.142952741009703,-0.162493212312372
7.34,-0.124885557433379,-0.142463127144322
7.35,-0.106689434475098,-0.122542747009146
7.36,-0.0883759002324278,-0.102337838281583
7.37,-0.0699564657243853,-0.0816135467145058
7.38,-0.0514426156839367,-0.0605876216075761
7.39,-0.0328457994369602,-0.0397867394228024
7.4,-0.0141774218756745,-0.0194038786172933
7.41,0.00455116546550016,0.000755499356830812
7.42,0.0233286732239188,0.0210338981487875
7.43,0.0421438829048177,0.0416186935861167
7.44,0.060985655452098,0.0624939310661166
7.45,0.0798429396863789,0.0832485611271502
7.46,0.098704780603172,0.103503599297459
7.47,0.117560327524091,0.123294479223272
7.48,0.136398842094286,0.143084664099877
7.49,0.155209706119355,0.16317791603309
7.5,0.173982429235289,0.183579809108949
7.51,0.192706656405071,0.203780588113961
7.52,0.211372175235864,0.223424925921757
7.53,0.229968923110804,0.242590344015728
7.54,0.248486994129737,0.26163613055824
7.55,0.266916645853327,0.280938684001005
7.56,0.285248305845298,0.300379109274853
7.57,0.303472578007678,0.319628961738835
7.58,0.321580248704226,0.338305082285604
7.59,0.339562292667388,0.356409967356619
7.6,0.357409878684405,0.374446029106925
7.61,0.375114375058381,0.39266438976707
7.62,0.392667354840418,0.410944907099155
7.63,0.410060600829095,0.428880443429374
7.64,0.427286110333883,0.446342721777926
7.65,0.444336099699273,0.463264891123079
7.66,0.461203008586689,0.47993694506518
7.67,0.477879504011469,0.496803228050092
7.68,0.494358484132496,0.513662036848466
7.69,0.510633081792262,0.530254778896187
7.7,0.526696667805447,0.546158942112589
7.71,0.542542853994342,0.56143400774799
7.72,0.558165495969662,0.576680831994812
7.73,0.573558695655642,0.592072091340712
7.74,0.588716803558452,0.607456108027236
7.75,0.603634420777336,0.622345684091036
7.76,0.618306400758061,0.636520387174654
7.77,0.632727850788556,0.650278716990245
7.78,0.646894133236869,0.663962798103323
7.79,0.660800866531824,0.677712560684279
7.8,0.674443925887029,0.691273192009672
7.81,0.687819443769117,0.704440530661694
7.82,0.700923810111363,0.716866227565572
7.83,0.713753672274095,0.728894333692405
7.84,0.726305934753509,0.740907670726061
7.85,0.738577758640817,0.75295829338245
7.86,0.750566560833808,0.764904048960327
7.87,0.762270013003259,0.776264506034492
7.88,0.773686040316732,0.786714283547008
7.89,0.784812819922662,0.796814421663768
7.9,0.795648779197761,0.807159513317794
7.91,0.80619259376106,0.817694166753656
7.92,0.816443185258092,0.827844355704454
7.93,0.826399718918976,0.837276066163928
7.94,0.836061600894305,0.845999804026918
7.95,0.845428475373051,0.854338428626357
7.96,0.854500221486802,0.863050770152108
7.97,0.86327695000492,0.871821505097797
7.98,0.871758999825344,0.88018212722402
7.99,0.879946934266015,0.887656120156426
8,0.887841537162004,0.894583031287691
8.01,0.895443808773672,0.901516281222348
8.02,0.902754961511312,0.908631030371881
8.03,0.909776415481921,0.915608946397353
8.04,0.916509793863881,0.922024159674737
8.05,0.922956918115489,0.927822763846114
8.06,0.929119803023446,0.933151592614774
8.07,0.935000651597496,0.938616323320427
8.08,0.940601849817611,0.944157084409305
8.09,0.94592596124017,0.949505123887082
8.1,0.950975721469755,0.954306664147973
8.11,0.955754032503263,0.958252547788461
8.12,0.960263956953159,0.961931446065699
8.13,0.96450871215676,0.965992402738454
8.14,0.968491664178578,0.970297176977063
8.15,0.972216321712764,0.974157853562846
8.16,0.975686329892852,0.977177634066229
8.17,0.97890546401597,0.979675269257779
8.18,0.981877623188851,0.982066093629235
8.19,0.98460682390292,0.984906463595806
8.2,0.987097193545873,0.987739812050894
8.21,0.989352963857116,0.990049134232976
8.22,0.991378464334534,0.991578761709308
8.23,0.993178115600013,0.992846290894463
8.24,0.9947564227312,0.994261194559526
8.25,0.996117968566963,0.995877242181471
8.26,0.99726740699402,0.997316799807945
8.27,0.998209456222186,0.99818089643802
8.28,0.998948892055686,0.998586785518675
8.29,0.999490541167922,0.998754202725617
8.3,0.999839274387098,0.999181702112055
8.31,1,0.999734244310372
8.32,0.999977657081246,1
8.33,0.999777208855216,0.999725191699052
8.34,0.999403636097814,0.998955797081833
8.35,0.998861930585189,0.998286084583378
8.36,0.998157088596368,0.997880382661244
8.37,0.997294104476789,0.997552609409022
8.38,0.996277964269513,0.996965070755755
8.39,0.995113639420888,0.995662349957401
8.4,0.993806080567255,0.993710782583753
8.41,0.992360211409243,0.991968295750939
8.42,0.990780922680009,0.991051484150447
8.43,0.989073066213725,0.990423445646553
8.44,0.987241449120413,0.989029709005523
8.45,0.985290828073151,0.98658024367812
8.46,0.98322590371347,0.983910043469421
8.47,0.981051315180676,0.981845833490731
8.48,0.978771634770609,0.980441399681823
8.49,0.976391362729242,0.978882496272862
8.5,0.973914922186324,0.976529998115191
8.51,0.971346654234126,0.973553848574295
8.52,0.968690813156129,0.970706188587462
8.53,0.965951561810372,0.968377377902607
8.54,0.963132967171937,0.966297712395383
8.55,0.960238996038897,0.963977293657877
8.56,0.957273510905817,0.961004020996012
8.57,0.954240266008758,0.957707141847841
8.58,0.951142903545474,0.954676211614768
8.59,0.947984950074323,0.952073239175686
8.6,0.944769813095187,0.949521641361903
8.61,0.941500777815495,0.946587895484255
8.62,0.938181004104225,0.943185768945542
8.63,0.934813523636537,0.939742036100993
8.64,0.931401237231482,0.936595603736475
8.65,0.927946912384997,0.933708997576303
8.66,0.924453181000193,0.930746779487559
8.67,0.920922537316686,0.927429827093788
8.68,0.917357336040534,0.923816709171394
8.69,0.913759790676078,0.920258354458664
8.7,0.910131972060789,0.916993762102151
8.71,0.906475807103962,0.913912123844056
8.72,0.902793077729906,0.910674595676418
8.73,0.899085420026007,0.907064284465206
8.74,0.895354323595847,0.903250287953818
8.75,0.891601131117323,0.899628568639332
8.76,0.887827038105453,0.896339820059603
8.77,0.88403309287938,0.893100021354485
8.78,0.880220196732816,0.889607586969168
8.79,0.876389104306954,0.885817555503126
8.8,0.872540424164654,0.881943923519272
8.81,0.868674619564501,0.878287718942358
8.82,0.864792009433071,0.874904429388887
8.83,0.860892769533572,0.871530656465651
8.84,0.856976933828777,0.867843210601391
8.85,0.853044396035964,0.86386469748532
8.86,0.849094911371369,0.859944547319842
8.87,0.845128098481443,0.856296948071948
8.88,0.841143441558014,0.852858873090039
8.89,0.837140292634237,0.849362296133229
8.9,0.833117874058023,0.845545139561524
8.91,0.829075281139461,0.841314756770596
8.92,0.82501148496853,0.8369914573546
8.93,0.820925335399239,0.833208046195329
8.94,0.816815564196124,0.83001106888585
8.95,0.812680788338898,0.826724703602655
8.96,0.808519513480833,0.82260908804386
8.97,0.804330137556314,0.817838651568424
8.98,0.800110954532839,0.813330642844628
8.99,0.795860158302584,0.809631421506447
9,0.791575846708499,0.806362504637133
9.01,0.787256025699754,0.802656124921125
9.02,0.782898613611238,0.798150806323533
9.03,0.778501445561638,0.793297261864859
9.04,0.774062277964544,0.788872638427921
9.05,0.769578793146888,0.785030959182051
9.06,0.765048604068892,0.781252697181907
9.07,0.760469259139628,0.777035687096026
9.08,0.755838247122173,0.772243003407627
9.09,0.751153002122233,0.767329069310182
9.1,0.746410908654066,0.762727151099964
9.11,0.741609306777406,0.758564116953803
9.12,0.736745497299042,0.754350239529168
9.13,0.73181674703264,0.749635982885442
9.14,0.726820294110327,0.744454413716335
9.15,0.721753353339508,0.7392977610087
9.16,0.716613121598338,0.734467145664717
9.17,0.71139678326324,0.72983173211885
9.18,0.706101515661824,0.724976135791796
9.19,0.700724494544544,0.719713735011147
9.2,0.69526289956839,0.714195721109191
9.21,0.689713919785953,0.708706814608289
9.22,0.684074759133133,0.703382283321274
9.23,0.678342641908834,0.698122330082839
9.24,0.672514818239941,0.69274456389688
9.25,0.666588569524942,0.68693257026594
9.26,0.660561213849551,0.68069848739339
9.27,0.654430111367754,0.674496375623796
9.28,0.6481926696417,0.668666661952652
9.29,0.641846348933962,0.66299195547682
9.3,0.635388667445693,0.656973818482259
9.31,0.628817206494313,0.65035253665741
9.32,0.62212961562438,0.643453632279258
9.33,0.615323617645449,0.636590412815153
9.34,0.608397013590722,0.630104511998637
9.35,0.601347687590445,0.623683056253422
9.36,0.594173611654075,0.616837823163425
9.37,0.586872850355355,0.609449790155751
9.38,0.57944356541453,0.601749167188006
9.39,0.571884020172076,0.594260431528893
9.4,0.564192583948407,0.587001458013937
9.41,0.556367736284186,0.579680905983799
9.42,0.548408071055959,0.571981971468505
9.43,0.54031230046202,0.563674625847632
9.44,0.5320792588735,0.555081183338419
9.45,0.523707906545892,0.54667156897456
9.46,0.51519733318631,0.538597046287895
9.47,0.506546761372002,0.530644352960596
9.48,0.497755549815749,0.522040771383852
9.49,0.488823196474007,0.512737561308125
9.5,0.47974934149376,0.503185169326656
9.51,0.470533769994291,0.493807374316577
9.52,0.461176414680236,0.484919409296265
9.53,0.451677358282454,0.475913975735254
9.54,0.442036835823473,0.466321285493465
9.55,0.432255236704437,0.456067931785241
9.56,0.422333106610714,0.445684597901974
9.57,0.412271149233458,0.435537122270507
9.58,0.402070227804718,0.425582544087658
9.59,0.391731366443793,0.415467418748231
9.6,0.381255751312832,0.404888557321355
9.61,0.370644731579808,0.393730669928868
9.62,0.359899820187284,0.382426753759359
9.63,0.349022694425537,0.371324815318516
9.64,0.338015196308883,0.360454034692563
9.65,0.326879332754206,0.349384235722079
9.66,0.315617275560973,0.337820166861784
9.67,0.30423136119218,0.325751545181974
9.68,0.292724090355954,0.31358892274977
9.69,0.281098127387686,0.301623464539898
9.7,0.269356299432881,0.289777881979231
9.71,0.257501595431033,0.277822582361079
9.72,0.245537164901156,0.265398007515319
9.73,0.233466316529723,0.252375159018543
9.74,0.221292516562085,0.239159348688547
9.75,0.209019386998562,0.22625377263173
9.76,0.196650703596714,0.213758969724658
9.77,0.184190393681417,0.20125659712637
9.78,0.171642533764688,0.188052422279661
9.79,0.159011346977319,0.174195171927324
9.8,0.146301200314666,0.160181827434983
9.81,0.133516601699099,0.146468828928183
9.82,0.120662196861845,0.133233894468902
9.83,0.10774276604718,0.119932622804334
9.84,0.094763220542067,0.106107050525383
9.85,0.0817285990346079,0.0916991820103306
9.86,0.0686440638048045,0.0771848280821309
9.87,0.0555148967513734,0.0629371948087441
9.88,0.0423464952584818,0.0489876065961076
9.89,0.0291443679065335,0.0350077111860408
9.9,0.0159141300312131,0.020687872620111
9.91,0.00266149913528557,0.00598066643426641
9.92,-0.0106077098423093,-0.00887408997956641
9.93,-0.0238875893952265,-0.0235655938950268
9.94,-0.0371721444514965,-0.0379927524529854
9.95,-0.050455297503154,-0.0523361693615796
9.96,-0.0637308938585622,-0.0669113740941955
9.97,-0.0769927070119761,-0.0818084393767849
9.98,-0.0902344441249125,-0.0968516130639957
9.99,-0.103449751613596,-0.111760205579445
10,-0.11663222083679,-0.126372246056838
10.01,-0.129775393878043,-0.140808589032172
10.02,-0.142872769416421,-0.155360974026628
10.03,-0.155917808679518,-0.170218703979858
10.04,-0.168903941472635,-0.185232242888627
10.05,-0.181824572277703,-0.200104605898951
10.06,-0.194673086415659,-0.21465981778782
10.07,-0.207442856265692,-0.228981447622731
10.08,-0.220127247534892,-0.243268045420186
10.09,-0.232719625571593,-0.257708265307705
10.1,-0.245213361715799,-0.27237162427549
10.11,-0.257601839679912,-0.286951072750191
10.12,-0.269878461952963,-0.301193199716132
10.13,-0.282036656221566,-0.315106493151087
10.14,-0.294069881800683,-0.328800882396345
10.15,-0.305971636067371,-0.342640779006144
10.16,-0.317735460890534,-0.356607316858792
10.17,-0.329354949049865,-0.370515413913998
10.18,-0.340823750636952,-0.384372029271865
10.19,-0.352135579431737,-0.397673597185773
10.2,-0.363284219247332,-0.4102432302558
10.21,-0.374263530236403,-0.422587376784523
10.22,-0.385067455152182,-0.435037877216963
10.23,-0.395690025557316,-0.448290846392178
10.24,-0.406125367973804,-0.462101570807164
10.25,-0.416367709967209,-0.475873181257205
10.26,-0.426411386158528,-0.488431280907847
10.27,-0.436250844157089,-0.498180703330027
10.28,-0.445880650407876,-0.506701120201126
10.29,-0.455295495946885,-0.517313389720952
10.3,-0.464490202058042,-0.530378175907913
10.31,-0.473459725825454,-0.543956913015785
10.32,-0.482199165574707,-0.555853581275637
10.33,-0.490703766197197,-0.565380329206653
10.34,-0.498968924351413,-0.573532399978877
10.35,-0.506990193535385,-0.582026695731401
10.36,-0.514763289024447,-0.591782135150578
10.37,-0.522284092668788,-0.602336696544099
10.38,-0.529548657545218,-0.612546807099219
10.39,-0.536553212457861,-0.621462908452358
10.4,-0.543294166282528,-0.629018092471025
10.41,-0.549768112149762,-0.636070874275042
10.42,-0.555971831461618,-0.643340416096192
10.43,-0.561902297737497,-0.651143134320234
10.44,-0.567556680284431,-0.659014110614288
10.45,-0.572932347687471,-0.666283840810801
10.46,-0.578026871115933,-0.672526926959138
10.47,-0.582838027441525,-0.6779918593301
10.48,-0.587363802164457,-0.683216509337352
10.49,-0.591602392143959,-0.688516604744748
10.5,-0.595552208129689,-0.69391036550089
10.51,-0.59921187709085,-0.699001946175762
10.52,-0.602580244339904,-0.703473927932067
10.53,-0.605656375448119,-0.707252087832774
10.54,-0.608439557950243,-0.710247778132102
10.55,-0.610929302835968,-0.713138219959431
10.56,-0.613125345825927,-0.716114881594768
10.57,-0.615027648430285,-0.719007639277061
10.58,-0.61663639878816,-0.721706250784573
10.59,-0.617952012286319,-0.723518746475813
10.6,-0.618975131955887,-0.724147323765804
10.61,-0.619706628645942,-0.724381330504666
10.62,-0.620147600973197,-0.72492721776129
10.63,-0.620299375047098,-0.725792405218053
10.64,-0.62016350397,-0.726425757047415
10.65,-0.619741767112225,-0.726199792832871
10.66,-0.619036169162108,-0.725092174335386
10.67,-0.61804893895133,-0.723346558892988
10.68,-0.616782528056079,-0.721375093022363
10.69,-0.615239609174823,-0.71972894834061
10.7,-0.613423074283699,-0.718035197352481
10.71,-0.611336032570766,-0.715962307741155
10.72,-0.608981808150587,-0.71306587783565
10.73,-0.606363937560844,-0.709367379415525
10.74,-0.603486167042927,-0.705478322622327
10.75,-0.600352449608639,-0.701531306498391
10.76,-0.596966941895415,-0.697674252605366
10.77,-0.593334000812652,-0.693627780648978
10.78,-0.589458179981982,-0.689015216674273
10.79,-0.585344225974536,-0.683848242725703
10.8,-0.580997074348455,-0.6781342316638
10.81,-0.576421845490126,-0.672154087066011
10.82,-0.571623840262821,-0.666375981243197
10.83,-0.566608535466644,-0.660554932844432
10.84,-0.561381579113854,-0.654464520647721
10.85,-0.555948785523876,-0.647851516092591
10.86,-0.550316130242474,-0.640566480078938
10.87,-0.544489744789764,-0.633076689843989
10.88,-0.538475911241927,-0.62560683529933
10.89,-0.532281056651668,-0.618228277439484
10.9,-0.525911747312635,-0.61092534915857
10.91,-0.519374682873183,-0.603273404422649
10.92,-0.512676690305059,-0.594927873697888
10.93,-0.505824717732696,-0.586104541989622
10.94,-0.49882582812901,-0.577262709675955
10.95,-0.491687192883708,-0.568663370431145
10.96,-0.484416085250281,-0.56022438952817
10.97,-0.477019873677967,-0.551616245829151
10.98,-0.469506015035144,-0.54257239723804
10.99,-0.461882047730678,-0.533102871062581
11,-0.454155584739931,-0.523406771178124
11.01,-0.44633430654219,-0.513910289222946
11.02,-0.438425953976448,-0.504629557417115
11.03,-0.430438321022469,-0.495373319480378
11.04,-0.422379247514289,-0.485958215795257
11.05,-0.414256611793256,-0.476127616010148
11.06,-0.406078323307905,-0.46590613079792
11.07,-0.39785231516793,-0.455638676403331
11.08,-0.389586536659688,-0.445773706388888
11.09,-0.381288945730595,-0.436420240159936
11.1,-0.372967501449971,-0.427239297777344
11.11,-0.364630156453772,-0.417549659259421
11.12,-0.356284849380836,-0.407157512746422
11.13,-0.347939497308144,-0.396577379196771
11.14,-0.339601988192769,-0.386434077565798
11.15,-0.331280173328029,-0.37703340342362
11.16,-0.322981859821528,-0.368006466900372
11.17,-0.314714803102629,-0.358694554438905
11.18,-0.306486699466955,-0.348780951752332
11.19,-0.298305178665514,-0.338599229917714
11.2,-0.290177796545916,-0.328715896364304
11.21,-0.282112027753264,-0.319444574914366
11.22,-0.274115258498082,-0.310656723620348
11.23,-0.26619477939876,-0.30181292836648
11.24,-0.258357778405792,-0.292667300973803
11.25,-0.250611333815139,-0.283311794076191
11.26,-0.242962407377851,-0.274094021880328
11.27,-0.235417837513143,-0.265276156615769
11.28,-0.227984332631862,-0.257072385857364
11.29,-0.220668464577365,-0.249073904615775
11.3,-0.213476662190553,-0.240916150821343
11.31,-0.206415205005851,-0.23248025650015
11.32,-0.199490217084653,-0.224120805743242
11.33,-0.192707660992792,-0.216202952622433
11.34,-0.186073331928275,-0.208830918919271
11.35,-0.179592852005588,-0.201831031881814
11.36,-0.173271664702536,-0.194744134255822
11.37,-0.167115029475597,-0.187531535997651
11.38,-0.161128016549475,-0.18037997501582
11.39,-0.155315501886498,-0.173596016669295
11.4,-0.149682162341214,-0.167337316737686
11.41,-0.144232471005483,-0.161373197293935
11.42,-0.138970692749064,-0.155588605288442
11.43,-0.133900879960636,-0.149752101784425
11.44,-0.129026868493856,-0.143978541111473
11.45,-0.124352273823021,-0.138502995171654
11.46,-0.119880487412539,-0.133357695658039
11.47,-0.115614673304334,-0.128796067735473
11.48,-0.111557764927043,-0.1245394893307
11.49,-0.107712462130628,-0.120167826797631
11.5,-0.104081228449874,-0.115774859540657
11.51,-0.100666288599943,-0.111565243276152
11.52,-0.0974696262069945,-0.107725097633884
11.53,-0.0944929817766036,-0.10467058671734
11.54,-0.0917378509025162,-0.102161956759135
11.55,-0.0892054827179882,-0.0995525079478637
11.56,-0.086896878591803,-0.0965708917417655
11.57,-0.0848127910707136,-0.0935952911635834
11.58,-0.0829537230699194,-0.0911920622585815
11.59,-0.081319927312842,-0.0896030731409646
11.6,-0.0799114060213136,-0.0884608126380446
11.61,-0.0787279108569469,-0.0873681630949648
11.62,-0.0777689431142984,-0.0860774126379265
11.63,-0.0770337541660988,-0.0848217213348402
11.64,-0.0765213461606502,-0.0838810192516082
11.65,-0.0762304729711699,-0.083616501115792
11.66,-0.0761596413966659,-0.0839227164822164
11.67,-0.0763071126136236,-0.0842874023878326
11.68,-0.0766709038775829,-0.0846041899760389
11.69,-0.0772487904733813,-0.084836233988716
11.7,-0.0780383079126334,-0.0853367842136833
11.71,-0.0790367543767292,-0.0864497845687756
11.72,-0.0802411934034165,-0.0880408247998101
11.73,-0.0816484568147544,-0.0898907332020177
11.74,-0.0832551478840109,-0.091759887699859
11.75,-0.0850576447388006,-0.0933764371889756
11.76,-0.0870521039975501,-0.0952057278677413
11.77,-0.089234464636111,-0.0975035844841571
11.78,-0.0916004520811209,-0.100362068025893
11.79,-0.0941455825264785,-0.103563312059429
11.8,-0.0968651674690569,-0.106632930888781
11.81,-0.0997543184595689,-0.109590442142005
11.82,-0.102807952064261,-0.112645905948072
11.83,-0.106020795032901,-0.116096613935298
11.84,-0.109387389668309,-0.12006662125928
11.85,-0.112902099392468,-0.124222781037898
11.86,-0.116559114504044,-0.12843772442777
11.87,-0.120352458121949,-0.132526160969685
11.88,-0.124275992309376,-0.136618110969404
11.89,-0.128323424372553,-0.140989940927683
11.9,-0.13248831332827,-0.145730195768223
11.91,-0.136764076534054,-0.150786947023702
11.92,-0.141143996474701,-0.155937531801739
11.93,-0.145621227698684,-0.160874532613613
11.94,-0.150188803897826,-0.165739132335021
11.95,-0.15483964512344,-0.170775595990042
11.96,-0.159566565132003,-0.176129845457734
11.97,-0.164362278853292,-0.181848364418825
11.98,-0.169219409973767,-0.187593928010364
11.99,-0.174130498627843,-0.19319303195398
12,-0.179088009189616,-0.198549351680755
12.01,-0.184084338157423,-0.203810479304542
12.02,-0.189111822123594,-0.20926671767865
12.03,-0.19416274582155,-0.215286640562773
12.04,-0.199229350242432,-0.221716056151669
12.05,-0.204303840813233,-0.228067159152407
12.06,-0.20937839562843,-0.23371337699015
12.07,-0.214445173726985,-0.238645872150102
12.08,-0.219496323406547,-0.243578454167605
12.09,-0.224523990566618,-0.249391914343497
12.1,-0.229520327072418,-0.256094522449296
12.11,-0.23447749913113,-0.262771874816091
12.12,-0.239387695672195,-0.26854882792965
12.13,-0.244243136723278,-0.273279993990389
12.14,-0.249036081773546,-0.277853918190627
12.15,-0.253758838115874,-0.283126787642643
12.16,-0.258403769159593,-0.289178206109336
12.17,-0.26296330270544,-0.295334759376721
12.18,-0.267429939174336,-0.300812054894844
12.19,-0.271796259781703,-0.305440410704456
12.2,-0.276054934649033,-0.309730431565725
12.21,-0.280198730844473,-0.31427142849692
12.22,-0.284220520344245,-0.319236545128493
12.23,-0.288113287906796,-0.32429091305922
12.24,-0.29187013885162,-0.329114676943419
12.25,-0.295484306734775,-0.333230816385569
12.26,-0.298949160913223,-0.336827986724332
12.27,-0.302258213990202,-0.340340022586541
12.28,-0.305405129133925,-0.344120470113105
12.29,-0.308383727262044,-0.348038402626009
12.3,-0.311187994084399,-0.351749772464821
12.31,-0.313812086996732,-0.354895666129392
12.32,-0.316250341818139,-0.357413148837262
12.33,-0.318497279365206,-0.359773678266406
12.34,-0.320547611855902,-0.362163348718061
12.35,-0.32239624913647,-0.364646759488327
12.36,-0.32403830472469,-0.366947126971272
12.37,-0.325469101663101,-0.368775849165536
12.38,-0.326684178175892,-0.370187628697057
12.39,-0.327679293123389,-0.371049854397068
12.4,-0.328450431248248,-0.371749800641519
12.41,-0.328993808207628,-0.372593563296149
12.42,-0.329305875385851,-0.373351812381474
12.43,-0.329383324482246,-0.373793478802784
12.44,-0.329223091869091,-0.373623452350143
12.45,-0.328822362714758,-0.372786234345407
12.46,-0.328178574867429,-0.371874630457195
12.47,-0.327289422494935,-0.370929210870906
12.48,-0.326152859476541,-0.3699241034884
12.49,-0.324767102542683,-0.368695431860323
12.5,-0.32313063415896,-0.366852398089896
12.51,-0.32124220515089,-0.364444293576072
12.52,-0.319100837066195,-0.361734748798395
12.53,-0.31670582427163,-0.358928393441833
12.54,-0.314056735781641,-0.356091051829526
12.55,-0.31115341681636,-0.352980311499854
12.56,-0.307995990086755,-0.34950888119348
12.57,-0.304584856804952,-0.345584494566877
12.58,-0.300920697418084,-0.340977369595342
12.59,-0.297004472064228,-0.336181631146272
12.6,-0.292837420749287,-0.331452993179921
12.61,-0.288421063243955,-0.326742865708283
12.62,-0.283757198700153,-0.321766925551383
12.63,-0.278847904986612,-0.316364617421699
12.64,-0.273695537743543,-0.309956617690739
12.65,-0.268302729156622,-0.303000583901071
12.66,-0.262672386450779,-0.296271112658852
12.67,-0.25680769010457,-0.29000877304813
12.68,-0.250712091786168,-0.283836066045973
12.69,-0.244389312012293,-0.277017133570261
12.7,-0.237843337531686,-0.269094005965914
12.71,-0.231078418434973,-0.26065709746515
12.72,-0.224099064993088,-0.25231480173303
12.73,-0.216910044226605,-0.244350099905114
12.74,-0.209516376208721,-0.236502011421728
12.75,-0.201923330104777,-0.228237816410238
12.76,-0.194136419951548,-0.219304426553644
12.77,-0.186161400179739,-0.209754838691974
12.78,-0.178004260883447,-0.200152116694773
12.79,-0.169671222840516,-0.190793553139713
12.8,-0.161168732288052,-0.181562913445192
12.81,-0.15250345545754,-0.17210206783164
12.82,-0.143682272874309,-0.162137355643594
12.83,-0.134712273426267,-0.151780847399454
12.84,-0.125600748207132,-0.141262963222136
12.85,-0.116355184139546,-0.130863783538434
12.86,-0.106983257383752,-0.120614200709695
12.87,-0.0974928265376684,-0.110286811880606
12.88,-0.0878919256344745,-0.0996705837189427
12.89,-0.0781887569439587,-0.0886550888184622
12.9,-0.0683916835841759,-0.0774756748203387
12.91,-0.0585092219500535,-0.0664341651767707
12.92,-0.0485500339658781,-0.0556074965035733
12.93,-0.0385229191686851,-0.0447953363645828
12.94,-0.0284368066298544,-0.0337475573524141
12.95,-0.0183007467222797,-0.0224346978690253
12.96,-0.00812390274074348,-0.0110421851388093
12.97,0.00208445761679599,0.000240729117910027
12.98,0.0123149708990891,0.0113783745115052
12.99,0.0225581866745967,0.022346978263915
13,0.0328045764194851,0.0333866341029227
13.01,0.0430445425122454,0.0445833923541793
13.02,0.0532684273265753,0.0559505323437195
13.03,0.0634665224139228,0.0671980348428726
13.04,0.0736290777671187,0.0781920812385091
13.05,0.0837463111562948,0.0888025707163192
13.06,0.0938084175283163,0.0993732077212704
13.07,0.103805578460764,0.110099114005241
13.08,0.113727971661562,0.121140133037901
13.09,0.123565780505127,0.132182466964223
13.1,0.133309203596023,0.143187395611055
13.11,0.142948464350908,0.153171871891668
13.12,0.152473820589669,0.162070741275491
13.13,0.161875574126463,0.171135454415334
13.14,0.171144080351511,0.181540570175492
13.15,0.180269757794342,0.192560760086573
13.16,0.189243097659326,0.20287442038097
13.17,0.198054673324176,0.211920615340572
13.18,0.206695149792293,0.220020371206914
13.19,0.215155293089698,0.228249193860914
13.2,0.22342597959745,0.237249779846957
13.21,0.231498205310378,0.246579216732539
13.22,0.239363095013141,0.255412092007569
13.23,0.247011911364536,0.263246729843316
13.24,0.2544360638812,0.270404479443251
13.25,0.261627117811788,0.277393506930474
13.26,0.268576802892905,0.284866975931948
13.27,0.275277021978095,0.292490609664781
13.28,0.281719859531339,0.299671832102332
13.29,0.28789758997659,0.305971450361433
13.3,0.293802685895003,0.311643220169486
13.31,0.299427826061689,0.317186765512352
13.32,0.304765903313869,0.322858206433813
13.33,0.309810032242551,0.328596151528022
13.34,0.314553556699913,0.333848290610597
13.35,0.31899005711481,0.338386802493404
13.36,0.32311335760894,0.342320539071437
13.37,0.326917532906398,0.345919767119672
13.38,0.330396915029525,0.349723686864907
13.39,0.333546099774165,0.353411544102923
13.4,0.336359952957607,0.356717907929331
13.41,0.338833616432712,0.359199525665433
13.42,0.340962513861939,0.360931368919634
13.43,0.342742356245183,0.362595583461781
13.44,0.344169147195583,0.364284366317119
13.45,0.345239187957646,0.365892282339696
13.46,0.345949082162308,0.366966421782709
13.47,0.346295740313784,0.367178278206731
13.48,0.346276384003274,0.366838710258599
13.49,0.345888549844872,0.366278086773753
13.5,0.345130093129264,0.365768215932974
13.51,0.34399919119108,0.36502968938981
13.52,0.342494346485987,0.363863888150335
13.53,0.340614389373923,0.361968880507214
13.54,0.338358480605113,0.359088491629677
13.55,0.33572611350579,0.356087845791102
13.56,0.332717115860842,0.353283719121266
13.57,0.329331651490835,0.350461020955857
13.58,0.325570221521211,0.347331022868954
13.59,0.321433665341705,0.342965943776077
13.6,0.316923161254322,0.337382839124135
13.61,0.31204022680849,0.33182847379916
13.62,0.306786718822364,0.3268336650873
13.63,0.30116483308944,0.321923534051755
13.64,0.295177103770036,0.316277870657391
13.65,0.288826402467434,0.309596452978927
13.66,0.282115936988788,0.301966366329895
13.67,0.275049249791221,0.294333207563718
13.68,0.267630216113773,0.286911447496553
13.69,0.259863041796243,0.279506784493811
13.7,0.251752260786183,0.271556572475538
13.71,0.243302732335657,0.262554587632347
13.72,0.23451963788963,0.252804187395132
13.73,0.225408477668171,0.242910386028798
13.74,0.215975066944943,0.233350648285804
13.75,0.206225532024727,0.223818635178914
13.76,0.196166305923028,0.21364457582855
13.77,0.185804123751092,0.202549349785423
13.78,0.175146017809939,0.19078081970086
13.79,0.164199312397321,0.178972420544017
13.8,0.152971618331737,0.167293270744205
13.81,0.141470827197973,0.155611965441224
13.82,0.129705105318852,0.143429265715946
13.83,0.117682887458182,0.130420011149482
13.84,0.105412870260113,0.116890881001988
13.85,0.0929040054303976,0.103252142250651
13.86,0.0801654926652882,0.0897887224847164
13.87,0.0672067723340632,0.0762419652687931
13.88,0.0540375179213817,0.0623264227438208
13.89,0.0406676282359222,0.0477635527399377
13.9,0.0271072193920374,0.0326059954661611
13.91,0.0133666165712485,0.0174518887959829
13.92,-0.000543654429203899,0.00240765398449474
13.93,-0.0146128758535164,-0.0126112942229268
13.94,-0.0288301468425421,-0.027925672324393
13.95,-0.0431843924794476,-0.0438157049727402
13.96,-0.0576643730177825,-0.0601775719842208
13.97,-0.0722586932839528,-0.0766267137588002
13.98,-0.0869558122457149,-0.0929569148800936
13.99,-0.101744052738344,-0.109012491286176
14,-0.116611611339766,-0.125272520512739
14.01,-0.131546568386,-0.142034097346577
14.02,-0.146536898117891,-0.159186700676621
14.03,-0.161570478950203,-0.176577625391407
14.04,-0.176635103853808,-0.193672304343986
14.05,-0.191718490841763,-0.210498859060254
14.06,-0.20680829354982,-0.227352230624352
14.07,-0.221892111901908,-0.244503973239782
14.08,-0.236957502850956,-0.262069839773933
14.09,-0.251991991185441,-0.279712881135666
14.1,-0.266983080391821,-0.297193389006746
14.11,-0.281918263563136,-0.314366790936576
14.12,-0.296785034343815,-0.33123306856144
14.13,-0.311570897900832,-0.348179514728114
14.14,-0.326263381911187,-0.365505423475263
14.15,-0.340850047555799,-0.383102805701856
14.16,-0.355318500509714,-0.400528843196726
14.17,-0.369656401918679,-0.41748563439288
14.18,-0.383851479352025,-0.433910095143627
14.19,-0.397891537721826,-0.450228014198333
14.2,-0.411764470158403,-0.466757898813244
14.21,-0.425458268832108,-0.483520833058611
14.22,-0.438961035711553,-0.500155044667501
14.23,-0.452260993248305,-0.51633532332413
14.24,-0.465346494978288,-0.53194608245934
14.25,-0.478206036030056,-0.547189399230001
14.26,-0.490828263530296,-0.562445140874873
14.27,-0.503201986896895,-0.577720818368137
14.28,-0.515316188010096,-0.592882840848248
14.29,-0.527160031252266,-0.607624309763974
14.3,-0.538722873407014,-0.621796094217292
14.31,-0.549994273408404,-0.635569650042821
14.32,-0.560964001931264,-0.648966596110225
14.33,-0.571622050813569,-0.66224542092673
14.34,-0.581958642302184,-0.675334363381331
14.35,-0.59196423811327,-0.68803783851304
14.36,-0.601629548298916,-0.701007042185794
14.37,-0.610945539911632,-0.713462917720861
14.38,-0.61990344545863,-0.724211351207168
14.39,-0.628494771137874,-0.733213098664553
14.4,-0.636711304848198,-0.741318677047824
14.41,-0.644545123965867,-0.750000632769221
14.42,-0.651988602880285,-0.761860010641059
14.43,-0.659034420281643,-0.775549632808378
14.44,-0.665675566193647,-0.786478886028698
14.45,-0.67190534874455,-0.792609737433622
14.46,-0.677717400670102,-0.796315672333485
14.47,-0.683105685542116,-0.800615122139571
14.48,-0.688064503716718,-0.807327784705545
14.49,-0.692588497996536,-0.815726227285956
14.5,-0.696672659001309,-0.823538387035578
14.51,-0.700312330241784,-0.828932573433597
14.52,-0.703503212891852,-0.831841530815132
14.53,-0.706241370254337,-0.833516313022388
14.54,-0.708523231915954,-0.835566531904806
14.55,-0.71034559758738,-0.838548720767232
14.56,-0.711705640624547,-0.841819172251688
14.57,-0.712600911227643,-0.844232413276748
14.58,-0.713029339314522,-0.844947220053682
14.59,-0.712989237065605,-0.844146857120125
14.6,-0.712479301137549,-0.842651603493529
14.61,-0.711498614543366,-0.841177851263157
14.62,-0.710046648196874,-0.839885336319415
14.63,-0.708123262119767,-0.838348696416628
14.64,-0.705728706309808,-0.835955071959449
14.65,-0.702863621269025,-0.832204028681242
14.66,-0.69952903819104,-0.827512863115389
14.67,-0.695726378807045,-0.822335057669814
14.68,-0.691457454890153,-0.817049113232963
14.69,-0.686724467418262,-0.811542608489906
14.7,-0.681530005395809,-0.805484507084947
14.71,-0.675877044335135,-0.798659756759311
14.72,-0.669768944398485,-0.790644229004257
14.73,-0.663209448201985,-0.78197444773214
14.74,-0.656202678283216,-0.773068401356796
14.75,-0.648753134234369,-0.76391642344263
14.76,-0.640865689503199,-0.754512072324322
14.77,-0.63254558786437,-0.74448714240546
14.78,-0.623798439564019,-0.733486110639791
14.79,-0.614630217140736,-0.721736286074295
14.8,-0.605047250926375,-0.709552177166916
14.81,-0.595056224230475,-0.697179208277904
14.82,-0.584664168212311,-0.684620882347959
14.83,-0.573878456444906,-0.671584461939467
14.84,-0.562706799175612,-0.658103648117788
14.85,-0.551157237288136,-0.643746987090674
14.86,-0.539238135971176,-0.628512829480427
14.87,-0.526958178099089,-0.613315815797549
14.88,-0.514326357330288,-0.598143140632537
14.89,-0.501351970929307,-0.582819816547605
14.9,-0.488044612318751,-0.56701325636233
14.91,-0.474414163367565,-0.550371242768851
14.92,-0.460470786422334,-0.533086656489796
14.93,-0.446224916088528,-0.515626768582764
14.94,-0.431687250768854,-0.498263726236642
14.95,-0.416868743966105,-0.480909083424059
14.96,-0.401780595358087,-0.463220206691026
14.97,-0.386434241652456,-0.445051005618297
14.98,-0.370841347229436,-0.426349424688298
14.99,-0.355013794580675,-0.407232947900948
15,-0.338963674552573,-0.388290265079487
15.01,-0.322703276402702,-0.369467803029885
15.02,-0.306245077678028,-0.350557769779486
15.03,-0.28960173392386,-0.331307665809197
15.04,-0.272786068232578,-0.31157438228097
15.05,-0.255811060641359,-0.291614188465705
15.06,-0.23868983738824,-0.271715902114315
15.07,-0.221435660036005,-0.252013791007371
15.08,-0.204061914473489,-0.232459751784507
15.09,-0.186582099804014,-0.212727471384451
15.1,-0.169009817130785,-0.19263862834908
15.11,-0.151358758249129,-0.172365977036963
15.12,-0.13364269425562,-0.15208904306568
15.13,-0.115875464084101,-0.132158583120984
15.14,-0.0980709629788148,-0.112499269006346
15.15,-0.0802431309147732,-0.0928707754182241
15.16,-0.0624059409756782,-0.0729763370515871
15.17,-0.0445733876996109,-0.0529031383615829
15.18,-0.0267594754028784,-0.0329541102110924
15.19,-0.00897820649227821,-0.0133481084589671
15.2,0.0087564302237948,0.00581527984428351
15.21,0.0264304712151342,0.0248867770172328
15.22,0.0440299898899763,0.0440394205320268
15.23,0.0615411082254882,0.0633057807783427
15.24,0.0789500083581083,0.0825453927055841
15.25,0.0962429441235717,0.10140493252439
15.26,0.113406252536322,0.119580819197085
15.27,0.13042636519824,0.137295826610706
15.28,0.147289819626517,0.155057373218384
15.29,0.163983270490738,0.173102195809051
15.3,0.180493500749164,0.191343446251951
15.31,0.196807432674455,0.209020195623123
15.32,0.212912138759009,0.225692134005486
15.33,0.228794852490383,0.241793655720497
15.34,0.244442978987192,0.257893842531646
15.35,0.259844105486205,0.274299830180244
15.36,0.274986011671299,0.290643656421193
15.37,0.28985667983525,0.306467504209687
15.38,0.304444304865382,0.321390460243823
15.39,0.318737304044279,0.335719723230895
15.4,0.332724326656987,0.349961028749044
15.41,0.346394263396221,0.364260765457434
15.42,0.359736255557388,0.378456328352357
15.43,0.372739704015292,0.39200782602989
15.44,0.385394277974744,0.404723534294135
15.45,0.397689923487357,0.416916843120386
15.46,0.409616871727146,0.428953980734204
15.47,0.421165647017674,0.440946661581888
15.48,0.432327074603793,0.452607510663022
15.49,0.443092288161189,0.463818444681867
15.5,0.45345273703726,0.474059940567274
15.51,0.463400193217017,0.483631366569292
15.52,0.472926758008025,0.493153450771912
15.53,0.482024868438597,0.502629843402063
15.54,0.490687303363773,0.5118999678353
15.55,0.498907189273825,0.520470363650232
15.56,0.50667800580034,0.527810366285096
15.57,0.513993590915208,0.534374156762333
15.58,0.520848145818104,0.541152037553049
15.59,0.527236239508333,0.548227368725904
15.6,0.533152813037232,0.554852650188929
15.61,0.538593183437564,0.560377528085199
15.62,0.543553047326693,0.564844575596181
15.63,0.548028484180539,0.568708605627625
15.64,0.552015959275719,0.57277545347699
15.65,0.555512326297491,0.576823617777359
15.66,0.558514829611475,0.580537079438546
15.67,0.561021106197395,0.583062930979633
15.68,0.563029187243433,0.584342874218311
15.69,0.564537499400068,0.58536005908217
15.7,0.565544865692551,0.586652053390036
15.71,0.566050506091573,0.587908365631092
15.72,0.56605403774186,0.588416101849917
15.73,0.565555474848884,0.587881808421121
15.74,0.564555228224031,0.586328145857368
15.75,0.563054104489034,0.584652082787401
15.76,0.561053304940651,0.582977108080221
15.77,0.55855442407698,0.581163918567921
15.78,0.555559447787012,0.578562046496295
15.79,0.552070751205434,0.574852803252129
15.8,0.548091096234876,0.570536078967286
15.81,0.543623628738208,0.56606402398008
15.82,0.538671875403699,0.561552744061201
15.83,0.533239740286204,0.556650323975912
15.84,0.527331501027792,0.55106502337979
15.85,0.520951804761568,0.544439156582932
15.86,0.514105663702642,0.537354710891717
15.87,0.506798450430583,0.530117211776122
15.88,0.499035892867862,0.522721815499445
15.89,0.49082406895916,0.515061492740652
15.9,0.48216940105659,0.506506997112399
15.91,0.473078650016225,0.497183064127813
15.92,0.463558909011506,0.487399130235853
15.93,0.453617597069427,0.477536349007035
15.94,0.443262452335561,0.467494868480001
15.95,0.432501525074311,0.4570163943475
15.96,0.421343170410917,0.445909451373444
15.97,0.40979604082207,0.433837001918895
15.98,0.397869078382103,0.421393833668641
15.99,0.385571506772038,0.408989543926855
16,0.372912823058888,0.396668592622341
16.01,0.359902789252902,0.383913310394481
16.02,0.346551423650526,0.37023816569622
16.03,0.332868991971153,0.355868777359613
16.04,0.318865998295791,0.341206759741682
16.05,0.304553175816095,0.326565268430917
16.06,0.289941477402173,0.31185123804398
16.07,0.275042065997959,0.29676470320246
16.08,0.25986630485286,0.281123876924864
16.09,0.244425747598743,0.264632955828693
16.1,0.228732128181233,0.247878009613157
16.11,0.212797350654626,0.231242613402535
16.12,0.196633478849647,0.214747519589518
16.13,0.180252725923541,0.197924898601581
16.14,0.163667443801946,0.180359989824184
16.15,0.146890112522159,0.162227679781458
16.16,0.129933329487502,0.143899984949055
16.17,0.112809798642446,0.125647972384038
16.18,0.0955323195783564,0.107440982620709
16.19,0.0781137765796462,0.0890085214560229
16.2,0.0605671276202548,0.0701754374106159
16.21,0.042905393320319,0.0507838236559085
16.22,0.0251416458729989,0.0312061201340955
16.23,0.00728899795137239,0.0117361800756187
16.24,-0.0106394083946432,-0.00762178337909613
16.25,-0.0286304128414328,-0.0270995424192825
16.26,-0.0466708478849486,-0.046953254678971
16.27,-0.0647475499142314,-0.0671501257386352
16.28,-0.0828473702552998,-0.087454461714326
16.29,-0.100957186175655,-0.107694731310725
16.3,-0.119063911839563,-0.127806304885587
16.31,-0.137154509204511,-0.14790750072466
16.32,-0.155215998849107,-0.168191800399333
16.33,-0.173235470722998,-0.188671139096851
16.34,-0.191200094809239,-0.209344590017928
16.35,-0.209097131689837,-0.229881854481655
16.36,-0.226913943005147,-0.250187860766088
16.37,-0.244638001798066,-0.270304025169274
16.38,-0.262256902733906,-0.29047180873659
16.39,-0.279758372187167,-0.310797635461562
16.4,-0.297130278186359,-0.331307329957581
16.41,-0.314360640208373,-0.351716839039231
16.42,-0.331437638813866,-0.371873723065002
16.43,-0.348349625115458,-0.391438223438985
16.44,-0.365085130070544,-0.410655213494028
16.45,-0.381632873590869,-0.429513126899274
16.46,-0.397981773461041,-0.448671903272675
16.47,-0.414120954058475,-0.468828883450991
16.48,-0.430039754867355,-0.48967491315354
16.49,-0.445727738779504,-0.509935932867768
16.5,-0.461174700175167,-0.527851860497876
16.51,-0.476370672777014,-0.544097023549349
16.52,-0.491305937270807,-0.560826578265954
16.53,-0.505971028686503,-0.579041384742887
16.54,-0.520356743533697,-0.598251441748662
16.55,-0.534454146685629,-0.617012353220376
16.56,-0.548254578006156,-0.634195302739642
16.57,-0.561749658714421,-0.649881577465942
16.58,-0.574931297482097,-0.665021022899404
16.59,-0.587791696258452,-0.680670679964198
16.6,-0.600323355818651,-0.696961825492267
16.61,-0.612519081031048,-0.713239152745445
16.62,-0.624371985839431,-0.728802892624056
16.63,-0.635875497956506,-0.743090338741988
16.64,-0.647023363265121,-0.7564300869
16.65,-0.657809649924104,-0.769498023919216
16.66,-0.668228752175741,-0.782806783954382
16.67,-0.678275393852322,-0.796198646650928
16.68,-0.687944631579398,-0.809298883790667
16.69,-0.697231857673696,-0.821417121983417
16.7,-0.706132802733931,-0.83240944671681
16.71,-0.714643537923031,-0.84287063682638
16.72,-0.722760476940609,-0.853138885755221
16.73,-0.730480377684759,-0.863428358533571
16.74,-0.737800343602584,-0.873416357696174
16.75,-0.744717824729134,-0.882900131036799
16.76,-0.75123061841473,-0.891608070195537
16.77,-0.757336869740939,-0.899069304649984
16.78,-0.76303507162574,-0.905862434599559
16.79,-0.768324064618723,-0.912658443767324
16.8,-0.773203036387455,-0.919441650609833
16.81,-0.777671520896411,-0.926007202190486
16.82,-0.781729397280157,-0.932106631716739
16.83,-0.785376888412763,-0.936846237549892
16.84,-0.788614559175693,-0.940347940590684
16.85,-0.7914433144267,-0.943611623550626
16.86,-0.793864396672502,-0.946825401420468
16.87,-0.79587938344832,-0.95009059851146
16.88,-0.797490184407619,-0.95297881334821
16.89,-0.798699038125599,-0.954882444619663
16.9,-0.799508508620343,-0.955787865921727
16.91,-0.799921481595659,-0.955907243293677
16.92,-0.799941160410043,-0.955755455150553
16.93,-0.799571061776272,-0.955497549950815
16.94,-0.798815011196547,-0.955026204418134
16.95,-0.79767713813817,-0.953982607409534
16.96,-0.796161870955141,-0.952087761731065
16.97,-0.794273931561114,-0.949504698949574
16.98,-0.792018329859514,-0.946328912920647
16.99,-0.789400357936712,-0.942919097338722
17,-0.786425584024475,-0.939302862487353
17.01,-0.783099846237976,-0.935326886100511
17.02,-0.779429246095983,-0.931667310064595
17.03,-0.775420141829883,-0.927242427269272
17.04,-0.771079141488554,-0.92092167725784
17.05,-0.76641309584605,-0.91284724750389
17.06,-0.761429091119472,-0.904000128624599
17.07,-0.756134441504315,-0.896259673711429
17.08,-0.75053668153497,-0.891908533415581
17.09,-0.744643558277967,-0.889057355600619
17.1,-0.738463023365883,-0.883286815322763
17.11,-0.732003224879819,-0.872747080384075
17.12,-0.725272499088582,-0.860191547808682
17.13,-0.718279362052711,-0.848745812052934
17.14,-0.711032501101691,-0.840115735385431
17.15,-0.703540766192704,-0.833315843612763
17.16,-0.695813161159454,-0.825940630241853
17.17,-0.687858834859555,-0.816201529500705
17.18,-0.679687072229165,-0.804312065494413
17.19,-0.67130728525352,-0.791668138889135
17.2,-0.662729003862133,-0.779921410263246
17.21,-0.653961866757438,-0.769567492004489
17.22,-0.645015612185679,-0.759787459237914
17.23,-0.635900068658937,-0.749402100479919
17.24,-0.626625145637127,-0.737673682920713
17.25,-0.617200824178875,-0.724869909826843
17.26,-0.607637147570106,-0.711949157995482
17.27,-0.59794421193929,-0.699639042808333
17.28,-0.588132156868138,-0.687989658461613
17.29,-0.578211156006628,-0.676535968813989
17.3,-0.568191407701126,-0.664513538928798
17.31,-0.558083125644406,-0.651694113103356
17.32,-0.547896529556242,-0.638483314088986
17.33,-0.537641835903264,-0.625434906988855
17.34,-0.527329248666624,-0.612862478100055
17.35,-0.516968950166041,-0.600606027751098
17.36,-0.50657109194861,-0.588355915453723
17.37,-0.496145785750762,-0.575682912014595
17.38,-0.485703094541579,-0.562618127120801
17.39,-0.47525302365565,-0.549477954109472
17.4,-0.464805512023466,-0.536674830084642
17.41,-0.454370423507278,-0.524317332344577
17.42,-0.443957538350184,-0.51212015743503
17.43,-0.433576544746115,-0.49980182441983
17.44,-0.423237030538199,-0.487229836212749
17.45,-0.412948475052875,-0.474523826460753
17.46,-0.40272024107695,-0.462005968261344
17.47,-0.392561566984628,-0.449909394462135
17.48,-0.38248155902141,-0.438288521781362
17.49,-0.372489183751501,-0.426748652028989
17.5,-0.362593260675311,-0.41503115843771
17.51,-0.352802455023308,-0.403060392436106
17.52,-0.343125270732404,-0.391239818605999
17.53,-0.333570043610767,-0.37990327269405
17.54,-0.324144934696843,-0.369016132434774
17.55,-0.314857923818059,-0.358528036870786
17.56,-0.30571680335456,-0.347935833328168
17.57,-0.296729172213029,-0.337175294502577
17.58,-0.287902430015514,-0.326489610984709
17.59,-0.279243771507865,-0.316154512843743
17.6,-0.270760181192207,-0.306468757510503
17.61,-0.262458428187631,-0.297186614411243
17.62,-0.254345061323054,-0.287940252705949
17.63,-0.246426404465935,-0.278662457535448
17.64,-0.23870855209032,-0.269354807228866
17.65,-0.231197365087412,-0.260345125174152
17.66,-0.223898466821651,-0.251998687770976
17.67,-0.216817239435001,-0.244205430778508
17.68,-0.209958820401914,-0.236589156297867
17.69,-0.203328099337158,-0.228921917915595
17.7,-0.196929715058489,-0.221233542435423
17.71,-0.190768052905838,-0.213876615001866
17.72,-0.184847242318442,-0.207033362735724
17.73,-0.179171154671102,-0.200745227759142
17.74,-0.173743401370504,-0.194917085126726
17.75,-0.168567332212217,-0.18899585250415
17.76,-0.163646033998792,-0.183102855443327
17.77,-0.158982329419098,-0.177462230900268
17.78,-0.154578776188767,-0.172340632042807
17.79,-0.150437666451362,-0.167844257420343
17.8,-0.146561026439674,-0.163626501670129
17.81,-0.142950616396167,-0.159601508196458
17.82,-0.139607930751548,-0.155634663743415
17.83,-0.136534198559948,-0.151857433242518
17.84,-0.133730384189185,-0.148537743036273
17.85,-0.13119718826407,-0.145596602948625
17.86,-0.128935048860787,-0.14323606991746
17.87,-0.126944142949818,-0.141312717441256
17.88,-0.125224388084916,-0.139229163463545
17.89,-0.123775444335154,-0.137233682959886
17.9,-0.122596716457078,-0.135528337447654
17.91,-0.121687356303563,-0.134298740735808
17.92,-0.121046265465907,-0.133917422452152
17.93,-0.120672098145308,-0.133982621254951
17.94,-0.120563264249866,-0.133959142950504
17.95,-0.120717932712829,-0.133684324297687
17.96,-0.121134035027758,-0.133494614464487
17.97,-0.121809268995955,-0.133913652839235
17.98,-0.122741102681433,-0.135304751991675
17.99,-0.123926778568399,-0.137205111313118
18,-0.125363317916107,-0.13900439420841
18.01,-0.127047525305725,-0.140528690246004
18.02,-0.128975993373716,-0.142126703543665
18.03,-0.131145107726027,-0.144264859664852
18.04,-0.133551052027263,-0.147068267059498
18.05,-0.136189813258813,-0.150487711372971
18.06,-0.139057187139815,-0.153929803001115
18.07,-0.14214878370464,-0.157206168710412
18.08,-0.145460033030488,-0.160507716397374
18.09,-0.148986191108525,-0.164180149791633
18.1,-0.152722345851886,-0.168481224895743
18.11,-0.156663423233801,-0.173184964977454
18.12,-0.16080419354884,-0.178068434405872
18.13,-0.165139277790437,-0.182911072480206
18.14,-0.169663154137422,-0.187710503375318
18.15,-0.174370164542579,-0.192776368889638
18.16,-0.179254521415801,-0.198219788709593
18.17,-0.184310314394689,-0.204172654419436
18.18,-0.189531517195047,-0.210416841943482
18.19,-0.194911994534015,-0.21653169854939
18.2,-0.20044550911818,-0.222572385742278
18.21,-0.206125728689319,-0.228707568103453
18.22,-0.211946233120046,-0.23509626722992
18.23,-0.217900521551975,-0.242067563582843
18.24,-0.223982019568622,-0.249570338156436
18.25,-0.230184086395636,-0.257139296468155
18.26,-0.236500022120574,-0.264298435973931
18.27,-0.242923074924816,-0.271006666302317
18.28,-0.249446448319882,-0.277695811652504
18.29,-0.256063308380759,-0.285238929282749
18.3,-0.262766790968551,-0.293717308820062
18.31,-0.269550008935161,-0.302290969569801
18.32,-0.27640605930239,-0.310332458203716
18.33,-0.283328030408242,-0.317851794235013
18.34,-0.290309009012966,-0.325320338738653
18.35,-0.297342087357732,-0.33327155891021
18.36,-0.304420370168636,-0.34186034780338
18.37,-0.311536981599084,-0.350677479511847
18.38,-0.318685072103405,-0.359275972341338
18.39,-0.325857825234943,-0.367468288091559
18.4,-0.333048464361732,-0.375491745023993
18.41,-0.340250259293105,-0.38363429027497
18.42,-0.347456532810686,-0.392202809866052
18.43,-0.354660667097277,-0.401083519977543
18.44,-0.361856110057392,-0.409929774587921
18.45,-0.369036381523203,-0.418391165479584
18.46,-0.376195079339919,-0.426540702881003
18.47,-0.383325885324655,-0.434680117580452
18.48,-0.390422571093139,-0.443079029752929
18.49,-0.397479003748608,-0.451763073748169
18.5,-0.40448915142757,-0.460435030626991
18.51,-0.411447088697113,-0.468874583150332
18.52,-0.418347001798794,-0.476935999146316
18.53,-0.425183193734156,-0.484762811121668
18.54,-0.431950089187246,-0.492666370369592
18.55,-0.438642239279564,-0.500827722787091
18.56,-0.445254326153212,-0.509261840040945
18.57,-0.451781167378057,-0.517528435736425
18.58,-0.458217720179074,-0.525249568113032
18.59,-0.464559085480092,-0.532486237601247
18.6,-0.470800511760514,-0.539655351830253
18.61,-0.476937398721683,-0.547040075646666
18.62,-0.482965300759853,-0.554770317806344
18.63,-0.488879930242891,-0.562421219437418
18.64,-0.494677160588108,-0.569621752804195
18.65,-0.500353029138776,-0.57634947788923
18.66,-0.505903739837185,-0.582690757585242
18.67,-0.511325665692239,-0.589152039125697
18.68,-0.516615351039899,-0.595832997329999
18.69,-0.521769513594939,-0.602548490610896
18.7,-0.526785046292761,-0.6090604413722
18.71,-0.531659018920225,-0.614992826552831
18.72,-0.536388679534666,-0.62038718390809
18.73,-0.540971455670537,-0.625732371587442
18.74,-0.545404955333328,-0.63126652971743
18.75,-0.549686967780621,-0.636931564487398
18.76,-0.553815464090436,-0.642397172575152
18.77,-0.55778859751716,-0.647393697393199
18.78,-0.561604703635688,-0.651999629173651
18.79,-0.56526230027453,-0.656205279494971
18.8,-0.568760087238949,-0.660346165913068
18.81,-0.572096945825357,-0.66468833297666
18.82,-0.575271938128465,-0.669001102868451
18.83,-0.578284306142885,-0.673017014868098
18.84,-0.581133470661092,-0.676556492280429
18.85,-0.583819029969892,-0.679584168196707
18.86,-0.58634075834774,-0.682556556001321
18.87,-0.58869860436548,-0.685533198979196
18.88,-0.590892688993256,-0.688486954511074
18.89,-0.592923303516587,-0.691388413707528
18.9,-0.594790907264771,-0.693860717460934
18.91,-0.596496125154992,-0.695793353455767
18.92,-0.598039745055695,-0.697498162351675
18.93,-0.59942271497298,-0.699130540550103
18.94,-0.600646140063965,-0.700826245933233
18.95,-0.601711279481219,-0.702443811037546
18.96,-0.602619543052583,-0.703776869944104
18.97,-0.603372487800807,-0.704782744073063
18.98,-0.603971814307691,-0.70535253026055
18.99,-0.604419362927458,-0.705637112672791
19,-0.604717109854337,-0.706050525490422
19.01,-0.604867163049459,-0.706486750885588
19.02,-0.604871758032274,-0.706844904175665
19.03,-0.604733253541895,-0.707267501374812
19.04,-0.604454127073839,-0.70698772153826
19.05,-0.604036970297845,-0.705723874887862
19.06,-0.603484484362464,-0.703941850329967
19.07,-0.602799475092346,-0.702620301958792
19.08,-0.601984848084122,-0.702519423884403
19.09,-0.601043603707027,-0.702788229106019
19.1,-0.59997883201436,-0.702282842125182
19.11,-0.598793707572083,-0.700253749310183
19.12,-0.597491484210828,-0.697327128569574
19.13,-0.596075489707779,-0.694756987109616
19.14,-0.594549120404837,-0.693134618711836
19.15,-0.592915835769628,-0.692055597583645
19.16,-0.591179152905892,-0.690754008137543
19.17,-0.589342641019924,-0.688585994491425
19.18,-0.587409915849661,-0.685544865415772
19.19,-0.585384634063153,-0.682345023742812
19.2,-0.58327048763307,-0.679501505951549
19.21,-0.581071198194032,-0.677133843288578
19.22,-0.578790511389415,-0.674897318880356
19.23,-0.57643219121444,-0.672365857876455
19.24,-0.574000014362184,-0.669210652130386
19.25,-0.571497764579303,-0.665609712011931
19.26,-0.56892922703808,-0.662072517743164
19.27,-0.56629818273152,-0.658869849687978
19.28,-0.563608402898038,-0.655925638944774
19.29,-0.560863643482399,-0.65292683523391
19.3,-0.558067639639381,-0.649623256063934
19.31,-0.555224100286633,-0.64584432955647
19.32,-0.55233670271318,-0.641764167064764
19.33,-0.549409087249835,-0.637906718275105
19.34,-0.546444852007865,-0.634486153244613
19.35,-0.543447547691986,-0.631298394169802
19.36,-0.54042067249385,-0.627912453066948
19.37,-0.537367667071934,-0.624048933409941
19.38,-0.534291909623801,-0.619871808058185
19.39,-0.531196711056374,-0.615693008538707
19.4,-0.528085310260009,-0.611876676461828
19.41,-0.524960869491764,-0.608381550159624
19.42,-0.521826469873397,-0.604883757415086
19.43,-0.518685107009217,-0.6011233404331
19.44,-0.515539686729035,-0.597016473543738
19.45,-0.51239302096109,-0.592844903261669
19.46,-0.509247823739872,-0.588873989512335
19.47,-0.506106707353422,-0.58519850391144
19.48,-0.502972178634683,-0.581639130200968
19.49,-0.499846635401203,-0.577997070004685
19.5,-0.496732363047404,-0.574123316068968
19.51,-0.49363153129336,-0.570119829047257
19.52,-0.490546191093944,-0.566125740770533
19.53,-0.487478271711953,-0.562397541001447
19.54,-0.484429577958684,-0.558893957155124
19.55,-0.481401787605166,-0.555466693306322
19.56,-0.478396448967161,-0.551854459000971
19.57,-0.475414978666757,-0.548045862821327
19.58,-0.472458659573243,-0.544209533853768
19.59,-0.469528638925691,-0.540509711640873
19.6,-0.466625926639514,-0.537132455654891
19.61,-0.463751393799047,-0.533978091745532
19.62,-0.460905771337958,-0.530847583504187
19.63,-0.458089648909128,-0.527520717183983
19.64,-0.455303473945377,-0.523783751310061
19.65,-0.452547550912253,-0.519784995747344
19.66,-0.449822040753815,-0.515810925276861
19.67,-0.447126960532188,-0.512759067229413
19.68,-0.444462183261399,-0.510737798565229
19.69,-0.441827437935814,-0.508615009553894
19.7,-0.439222309753259,-0.505349765541103
19.71,-0.436646240532693,-0.501184314839913
19.72,-0.434098529326075,-0.497162588105613
19.73,-0.431578333223869,-0.494009048939676
19.74,-0.429084668353361,-0.491660753933482
19.75,-0.426616411068816,-0.489578693658079
19.76,-0.424172299332211,-0.486923685833575
19.77,-0.421750934283117,-0.4835676542891
19.78,-0.419350781996063,-0.480011407783794
19.79,-0.41697017542351,-0.476817337943135
19.8,-0.414607316522342,-0.474227144980295
19.81,-0.412260278561589,-0.471919915644173
19.82,-0.409927008608872,-0.469588702980141
19.83,-0.407605330192873,-0.466734905927766
19.84,-0.405292946138913,-0.463505231359552
19.85,-0.402987441574544,-0.460335771364157
19.86,-0.400686287101844,-0.457577720633342
19.87,-0.398386842132933,-0.455227654202608
19.88,-0.39608635838503,-0.452870577132708
19.89,-0.393781983531179,-0.450216680498315
19.9,-0.391470765002621,-0.44719391937313
19.91,-0.389149653938569,-0.444088954454256
19.92,-0.386815509279015,-0.4411857646965
19.93,-0.38446510199602,-0.438592490463244
19.94,-0.382095119458748,-0.436098481223658
19.95,-0.379702169927378,-0.433461820215445
19.96,-0.377282787170892,-0.430501876503588
19.97,-0.374833435203545,-0.427314287961871
19.98,-0.372350513134705,-0.424172027354471
19.99,-0.369830360126622,-0.421269068983711
20,-0.367269260454579,-0.418503450680131
