0,-0.629447372786358,0
0.005,-0.629447372786358,-7.45674695697736e-06
0.01,-0.629447372786358,-2.71615872705818e-05
0.015,-0.629447372786358,-5.35246289087662e-05
0.02,-0.629447372786358,-8.02725452667098e-05
0.025,-0.629447372786358,-0.000101860560274462
0.03,-0.629447372786358,-0.000114623050297231
0.035,-0.629447372786358,-0.000116958205403556
0.04,-0.629447372786358,-0.000109455191884846
0.045,-0.629447372786358,-9.44303379897896e-05
0.05,-0.629447372786358,-7.54773562460582e-05
0.055,-0.629447372786358,-5.66689711625642e-05
0.06,-0.629447372786358,-4.18854961686714e-05
0.065,-0.629447372786358,-3.38210787537839e-05
0.07,-0.629447372786358,-3.35820588671499e-05
0.075,-0.629447372786358,-4.04719276225556e-05
0.08,-0.629447372786358,-5.23331366424981e-05
0.085,-0.629447372786358,-6.61667103563679e-05
0.09,-0.629447372786358,-7.89271745280458e-05
0.095,-0.629447372786358,-8.81400837000369e-05
0.1,0.811583874151238,-8.63738543679718e-05
0.105,0.811583874151238,-5.24791924569901e-05
0.11,0.811583874151238,8.73333077257815e-06
0.115,0.811583874151238,8.08321684358248e-05
0.12,0.811583874151238,0.00014431842498246
0.125,0.811583874151238,0.00018188532202161
0.13,0.746026367412988,0.000184057455743988
0.135,0.746026367412988,0.000152417451613095
0.14,0.746026367412988,9.99475646635675e-05
0.145,0.746026367412988,4.40024183841797e-05
0.15,0.746026367412988,-3.08592390007793e-08
0.155,0.746026367412988,-2.25549158477968e-05
0.16,0.826751712278039,-2.01286816358827e-05
0.165,0.826751712278039,5.59362991320744e-06
0.17,0.826751712278039,4.67578156224013e-05
0.175,0.826751712278039,9.17898361408574e-05
0.18,0.826751712278039,0.000128245508110523
0.185,0.826751712278039,0.000147863415341034
0.19,-0.264718492450819,0.000139335345785107
0.195,-0.264718492450819,9.13034011725107e-05
0.2,-0.804919190001181,1.56419668004603e-05
0.205,-0.804919190001181,-7.33604714118563e-05
0.21,-0.804919190001181,-0.000157089811130565
0.215,-0.804919190001181,-0.000220355741376275
0.22,0.443003562265903,-0.00024987489044734
0.225,0.443003562265903,-0.000225089822627828
0.23,0.443003562265903,-0.000150028127545948
0.235,0.443003562265903,-4.17115536290011e-05
0.24,0.443003562265903,7.55861104452075e-05
0.245,0.443003562265903,0.000172645123715838
0.25,0.0937630384099677,0.000221267773911132
0.255,0.0937630384099677,0.000205711239272642
0.26,-0.915013670868595,0.000131333887834345
0.265,-0.915013670868595,1.12842611887356e-05
0.27,-0.915013670868595,-0.000121830340545781
0.275,-0.915013670868595,-0.000239460677385258
0.28,0.929777070398553,-0.00031546287759721
0.285,0.929777070398553,-0.000315690930487442
0.29,0.929777070398553,-0.000239431349425885
0.295,0.929777070398553,-0.000104476995980748
0.3,0.684773836644903,5.94835946863791e-05
0.305,0.684773836644903,0.000209181873055874
0.31,0.941185563521231,0.000301338233802452
0.315,0.941185563521231,0.000312309053030544
0.32,-0.914333896485891,0.0002390862446114
0.325,-0.914333896485891,8.86004171200904e-05
0.33,-0.0292487025543176,-8.88228809123626e-05
0.335,-0.0292487025543176,-0.000235205808733359
0.34,-0.6005609377776,-0.000327589214048425
0.345,-0.6005609377776,-0.000366947101124514
0.35,-0.6005609377776,-0.000356105011490608
0.355,-0.6005609377776,-0.000301179535591779
0.36,-0.6005609377776,-0.000212988972694574
0.365,-0.6005609377776,-0.000107024077944035
0.37,-0.716227322745569,-3.46175703190807e-06
0.375,-0.716227322745569,7.44668815207462e-05
0.38,0.15647743474745,0.000113794846667162
0.385,0.15647743474745,0.000120229885771913
0.39,0.15647743474745,9.83205542118946e-05
0.395,0.15647743474745,5.69235662640876e-05
0.4,0.15647743474745,9.0013699174821e-06
0.405,0.15647743474745,-3.29286142564298e-05
0.41,0.15647743474745,-5.97894480910959e-05
0.415,0.15647743474745,-6.73467490809237e-05
0.42,0.831471050378134,-5.28294786112002e-05
0.425,0.831471050378134,-1.10923413475735e-05
0.43,-0.584414659119109,4.30407137303836e-05
0.435,-0.584414659119109,7.29398389375078e-05
0.44,0.918984852785806,7.38936319640042e-05
0.445,0.918984852785806,7.18543318679033e-05
0.45,-0.311481398313174,6.85410524979874e-05
0.455,-0.311481398313174,4.59852714943354e-05
0.46,-0.928576642851621,4.54171724078993e-06
0.465,-0.928576642851621,-5.33683702918744e-05
0.47,-0.928576642851621,-0.000115794227547013
0.475,-0.928576642851621,-0.000170089607555094
0.48,-0.928576642851621,-0.000207271842316574
0.485,-0.928576642851621,-0.000222947798755812
0.49,-0.698258611737554,-0.000215898947555586
0.495,-0.698258611737554,-0.00018635121473414
0.5,-0.698258611737554,-0.000139623148529271
0.505,-0.698258611737554,-8.53615288385518e-05
0.51,-0.698258611737554,-3.42479028720007e-05
0.515,-0.698258611737554,3.24280330714875e-06
0.52,-0.698258611737554,2.01598708376463e-05
0.525,-0.698258611737554,1.43896194637305e-05
0.53,0.867986495515101,-4.31350225508005e-06
0.535,0.867986495515101,-6.0397221745386e-06
0.54,-0.357470309715547,8.94397196389823e-06
0.545,-0.357470309715547,1.65848050451282e-05
0.55,0.515480261156667,1.48517104370837e-05
0.555,0.515480261156667,1.84776826217033e-05
0.56,0.515480261156667,2.93765259713995e-05
0.565,0.515480261156667,4.41858372880002e-05
0.57,-0.486264936249832,5.47990870290745e-05
0.575,-0.486264936249832,4.35034126764258e-05
0.58,-0.215545960931664,1.26306811816208e-05
0.585,-0.215545960931664,-2.44340705645152e-05
0.59,-0.310955780355113,-5.77225497677264e-05
0.595,-0.310955780355113,-8.20056864154383e-05
0.6,-0.657626624376876,-9.49214552452146e-05
0.605,-0.657626624376876,-0.000100455099320543
0.61,-0.412092176039218,-9.86505975333813e-05
0.615,-0.412092176039218,-8.68412542631526e-05
0.62,-0.936334307245159,-6.93767402770321e-05
0.625,-0.936334307245159,-5.82841506223863e-05
0.63,-0.936334307245159,-5.72712661880889e-05
0.635,-0.936334307245159,-6.56007946483205e-05
0.64,-0.936334307245159,-8.06583146459205e-05
0.645,-0.936334307245159,-9.87925803955056e-05
0.65,-0.936334307245159,-0.000116162656421613
0.655,-0.936334307245159,-0.000129603913088939
0.66,-0.936334307245159,-0.000137003201607577
0.665,-0.936334307245159,-0.000137646572842246
0.67,0.44615403007822,-0.000126343475829995
0.675,0.44615403007822,-8.44961454533415e-05
0.68,-0.907657218737692,-2.33360809414261e-05
0.685,-0.907657218737692,2.11620478152642e-05
0.69,0.805736437528305,4.21939995719783e-05
0.695,0.805736437528305,6.31427398104728e-05
0.7,0.805736437528305,8.5310500680773e-05
0.705,0.805736437528305,0.000102569049266718
0.71,0.805736437528305,0.000110351875130608
0.715,0.805736437528305,0.000107655576918601
0.72,0.805736437528305,9.61110068628742e-05
0.725,0.805736437528305,7.98104926152799e-05
0.73,0.805736437528305,6.36789084635764e-05
0.735,0.805736437528305,5.20450655999331e-05
0.74,0.805736437528305,4.74948359322863e-05
0.745,0.805736437528305,5.05337671391842e-05
0.75,0.805736437528305,5.96586690091476e-05
0.755,0.805736437528305,7.19159820786563e-05
0.76,0.805736437528305,8.37753392609676e-05
0.765,0.805736437528305,9.20465310360707e-05
0.77,0.646915656654585,9.41599669026688e-05
0.775,0.646915656654585,8.77997805076175e-05
0.78,-0.389657245951634,7.06125254273637e-05
0.785,-0.389657245951634,3.22179244963903e-05
0.79,-0.365801039878279,-1.94325817244826e-05
0.795,-0.365801039878279,-7.01771734484486e-05
0.8,-0.90044409767671,-0.0001110619450295
0.805,-0.90044409767671,-0.000143574919987035
0.81,-0.931107838994182,-0.000165078991818782
0.815,-0.931107838994182,-0.000173414259841213
0.82,0.122511280687204,-0.000164316710454764
0.825,0.122511280687204,-0.000124698637996374
0.83,-0.236883085813983,-6.16958980910262e-05
0.835,-0.236883085813983,4.50554201656592e-06
0.84,-0.531033576298005,5.63337566224143e-05
0.845,-0.531033576298005,7.81446623019219e-05
0.85,0.590399802274126,7.07093004995774e-05
0.855,0.590399802274126,5.57049345141935e-05
0.86,0.626254790891243,4.23010684985842e-05
0.865,0.626254790891243,3.43242064189466e-05
0.87,0.626254790891243,3.34220960333492e-05
0.875,0.626254790891243,3.91341244470411e-05
0.88,0.626254790891243,4.93979507551828e-05
0.885,0.626254790891243,6.1180746072435e-05
0.89,0.626254790891243,7.1264286047361e-05
0.895,0.626254790891243,7.71619827912731e-05
0.9,-0.0204712084235379,7.50337492782453e-05
0.905,-0.0204712084235379,5.63494049760815e-05
0.91,0.108827598578201,2.55675867939139e-05
0.915,0.108827598578201,-6.3587041377069e-06
0.92,0.292626020222529,-3.04898843634044e-05
0.925,0.292626020222529,-3.94024658459609e-05
0.93,0.292626020222529,-3.17905908539552e-05
0.935,0.292626020222529,-1.08983082263563e-05
0.94,0.292626020222529,1.73155156059298e-05
0.945,0.292626020222529,4.55276727720228e-05
0.95,0.292626020222529,6.67407738408012e-05
0.955,0.292626020222529,7.61506582982157e-05
0.96,-0.418729661716145,6.94833092664597e-05
0.965,-0.418729661716145,3.91771061342436e-05
0.97,-0.418729661716145,-7.5417511945657e-06
0.975,-0.418729661716145,-5.79408108060883e-05
0.98,-0.418729661716145,-0.000100591475658641
0.985,-0.418729661716145,-0.000127755239808166
0.99,0.509373363964722,-0.000131965375694587
0.995,0.509373363964722,-0.0001002905895805
1,0.447949846002843,-3.88314917145021e-05
1.005,0.447949846002843,3.60484572025691e-05
1.01,0.35940535370735,0.000104877654560938
1.015,0.35940535370735,0.000148792766566932
1.02,0.35940535370735,0.000156794237505522
1.025,0.35940535370735,0.000130049637465814
1.03,-0.310196007947681,7.68146947701045e-05
1.035,-0.310196007947681,4.62759182014065e-06
1.04,-0.674776529610739,-7.08379239793678e-05
1.045,-0.674776529610739,-0.000138167762255623
1.05,-0.674776529610739,-0.000186883650530787
1.055,-0.674776529610739,-0.000210371577198869
1.06,-0.674776529610739,-0.000207393815555892
1.065,-0.674776529610739,-0.000181116545836199
1.07,0.762004636883247,-0.000132375869600062
1.075,0.762004636883247,-4.92204467189456e-05
1.08,0.762004636883247,5.45097308734853e-05
1.085,0.762004636883247,0.00015218303317176
1.09,-0.00327189603571409,0.000213784892180032
1.095,-0.00327189603571409,0.000211800469741154
1.1,-0.00327189603571409,0.000149657333334726
1.105,-0.00327189603571409,5.2782795529672e-05
1.11,-0.919487917032162,-5.22368037781488e-05
1.115,-0.919487917032162,-0.000153796092375988
1.12,-0.319228546667734,-0.000233927374565348
1.125,-0.319228546667734,-0.00027282282865451
1.13,-0.170535501959555,-0.000265783178520161
1.135,-0.170535501959555,-0.000215957742432824
1.14,-0.170535501959555,-0.000134054537507872
1.145,-0.170535501959555,-3.67443127019953e-05
1.15,-0.552376121017726,5.3385346647682e-05
1.155,-0.552376121017726,0.000110407209089882
1.16,-0.502534118611306,0.000120753863906701
1.165,-0.502534118611306,8.66480781756444e-05
1.17,-0.489809769081462,2.21573731403135e-05
1.175,-0.489809769081462,-5.31197375332254e-05
1.18,-0.0119141033302848,-0.000118916199332601
1.185,-0.0119141033302848,-0.000155822884707743
1.19,-0.0119141033302848,-0.000158044404019187
1.195,-0.0119141033302848,-0.000128741267575974
1.2,0.398153445313372,-7.43101570594973e-05
1.205,0.398153445313372,-1.49067261745249e-06
1.21,0.398153445313372,7.38486046274383e-05
1.215,0.398153445313372,0.000132650998384484
1.22,-0.781806505071597,0.000155327523326679
1.225,-0.781806505071597,0.000120327505460622
1.23,-0.781806505071597,3.89026553152926e-05
1.235,-0.781806505071597,-6.27203400791121e-05
1.24,-0.781806505071597,-0.000159551366232171
1.245,-0.781806505071597,-0.000233780484673
1.25,-0.781806505071597,-0.000275819641937153
1.255,-0.781806505071597,-0.000282948325993261
1.26,0.918582850410889,-0.000250612944663672
1.265,0.918582850410889,-0.000160544146233167
1.27,-0.0944310599276061,-3.01749465874509e-05
1.275,-0.0944310599276061,9.57018413620384e-05
1.28,-0.722751114342642,0.000180240952978363
1.285,-0.722751114342642,0.000192157636975559
1.29,0.701411988881885,0.000137694532825434
1.295,0.701411988881885,6.20418240113803e-05
1.3,0.701411988881885,-5.47155753585112e-06
1.305,0.701411988881885,-4.91997314790874e-05
1.31,-0.484983491752527,-6.6982540910615e-05
1.315,-0.484983491752527,-7.51011819418465e-05
1.32,-0.484983491752527,-7.74973621052233e-05
1.325,-0.484983491752527,-7.4233559421463e-05
1.33,-0.484983491752527,-6.65094477728681e-05
1.335,-0.484983491752527,-5.63004229449756e-05
1.34,-0.681434511967325,-4.67574617005135e-05
1.345,-0.681434511967325,-4.2897507866617e-05
1.35,-0.681434511967325,-4.57242138633947e-05
1.355,-0.681434511967325,-5.39880633850343e-05
1.36,-0.491435642056938,-6.46936654370655e-05
1.365,-0.491435642056938,-7.25115165009683e-05
1.37,-0.491435642056938,-7.53123816758244e-05
1.375,-0.491435642056938,-7.30082086116262e-05
1.38,-0.628569652137633,-6.72030809449634e-05
1.385,-0.628569652137633,-6.14616094310789e-05
1.39,-0.628569652137633,-5.74533055333304e-05
1.395,-0.628569652137633,-5.583486650521e-05
1.4,-0.628569652137633,-5.67238135629856e-05
1.405,-0.628569652137633,-5.96874187135858e-05
1.41,-0.628569652137633,-6.39189238994615e-05
1.415,-0.628569652137633,-6.842162668144e-05
1.42,-0.628569652137633,-7.2260512926417e-05
1.425,-0.628569652137633,-7.47045155953544e-05
1.43,-0.628569652137633,-7.53995817380191e-05
1.435,-0.628569652137633,-7.43797937171449e-05
1.44,-0.512950062550021,-7.15323744533419e-05
1.445,-0.512950062550021,-6.58269289444267e-05
1.45,-0.512950062550021,-5.8248504052468e-05
1.455,-0.512950062550021,-5.05229324548843e-05
1.46,-0.858527246374456,-4.56488874767514e-05
1.465,-0.858527246374456,-4.98886065526499e-05
1.47,-0.300032468030383,-6.06221772812445e-05
1.475,-0.300032468030383,-6.61474517617951e-05
1.48,0.606809499137584,-6.00386664775032e-05
1.485,0.606809499137584,-3.07289463704768e-05
1.49,-0.497832284047938,1.22709474628483e-05
1.495,-0.497832284047938,4.08359853026234e-05
1.5,-0.232089352293278,4.61744588705923e-05
1.505,-0.232089352293278,3.34379046979177e-05
1.51,-0.0534223021945415,9.20809082397358e-06
1.515,-0.0534223021945415,-1.69274891805413e-05
1.52,0.296680985874006,-3.64438474383226e-05
1.525,0.296680985874006,-4.02748034982364e-05
1.53,0.661657255792582,-2.61013346325822e-05
1.535,0.661657255792582,6.65471143896702e-06
1.54,0.661657255792582,5.00863113230074e-05
1.545,0.661657255792582,9.24888035145946e-05
1.55,-0.170528182305449,0.000119262865712844
1.555,-0.170528182305449,0.000111283060827546
1.56,-0.170528182305449,7.12276126913308e-05
1.565,-0.170528182305449,1.31032701684206e-05
1.57,0.0994472165822791,-4.573063428343e-05
1.575,0.0994472165822791,-8.75034747057506e-05
1.58,0.0994472165822791,-0.000104204177296705
1.585,0.0994472165822791,-9.49583547078403e-05
1.59,-0.83438732765962,-6.80839146379225e-05
1.595,-0.83438732765962,-4.51160502223714e-05
1.6,-0.83438732765962,-3.37785948076535e-05
1.605,-0.83438732765962,-3.53714874634521e-05
1.61,-0.428321962359253,-4.66185133581508e-05
1.615,-0.428321962359253,-5.80547329033236e-05
1.62,-0.428321962359253,-6.56172140983529e-05
1.625,-0.428321962359253,-6.80942770056403e-05
1.63,-0.514400458221443,-6.57827929534795e-05
1.635,-0.514400458221443,-6.09662940749109e-05
1.64,0.507458188556991,-5.10486903984696e-05
1.645,0.507458188556991,-2.2779042295616e-05
1.65,0.239108306049287,1.86066238763367e-05
1.655,0.239108306049287,5.82317486631848e-05
1.66,0.135643281450442,8.47729288737191e-05
1.665,0.135643281450442,9.08368125856971e-05
1.67,0.135643281450442,7.63844065721564e-05
1.675,0.135643281450442,4.71883254308693e-05
1.68,0.848291420873873,1.49209378177176e-05
1.685,0.848291420873873,-1.0554542691787e-06
1.69,0.848291420873873,4.50499293112438e-06
1.695,0.848291420873873,2.8236332782977e-05
1.7,0.848291420873873,6.26518358504906e-05
1.705,0.848291420873873,9.79823211278053e-05
1.71,0.848291420873873,0.000124468405428576
1.715,0.848291420873873,0.000135450326350818
1.72,0.848291420873873,0.000129121901213519
1.725,0.848291420873873,0.000109020011626579
1.73,-0.892099762666786,7.51567734001847e-05
1.735,-0.892099762666786,1.16786662777704e-05
1.74,-0.0615951060179454,-6.61244311959984e-05
1.745,-0.0615951060179454,-0.000127011470508873
1.75,0.558334460204022,-0.000154814667844706
1.755,0.558334460204022,-0.000138382016130416
1.76,0.558334460204022,-8.22024531907679e-05
1.765,0.558334460204022,-6.69238759500875e-07
1.77,-0.868021368458366,7.88387365690718e-05
1.775,-0.868021368458366,0.000116325963031324
1.78,-0.868021368458366,9.98138963907738e-05
1.785,-0.868021368458366,3.90779313085874e-05
1.79,-0.868021368458366,-4.57723545504881e-05
1.795,-0.868021368458366,-0.000132853226436862
1.8,-0.74018758305254,-0.000204410550005038
1.805,-0.74018758305254,-0.00024798740759828
1.81,-0.74018758305254,-0.000259223802609574
1.815,-0.74018758305254,-0.000239588537876559
1.82,-0.74018758305254,-0.000194838141812979
1.825,-0.74018758305254,-0.000134076764738337
1.83,-0.74018758305254,-6.91366825304747e-05
1.835,-0.74018758305254,-1.27757401959495e-05
1.84,-0.137647321744385,2.62954261246314e-05
1.845,-0.137647321744385,4.97435820601839e-05
1.85,-0.0612187178835883,5.59642897252389e-05
1.855,-0.0612187178835883,4.60934937612362e-05
1.86,-0.0612187178835883,2.45079532549014e-05
1.865,-0.0612187178835883,-2.31482179612256e-06
1.87,-0.0612187178835883,-2.75195589139518e-05
1.875,-0.0612187178835883,-4.5490809106141e-05
1.88,0.976195860997517,-4.88282674719496e-05
1.885,0.976195860997517,-2.2081988612562e-05
1.89,0.976195860997517,2.98585594033702e-05
1.895,0.976195860997517,9.23617911336069e-05
1.9,-0.325754711202237,0.000142822497437939
1.905,-0.325754711202237,0.000147448649125835
1.91,0.675635383613514,0.000108483550566943
1.915,0.675635383613514,5.68857067005376e-05
1.92,0.675635383613514,1.18042099799928e-05
1.925,0.675635383613514,-1.62066576761469e-05
1.93,0.588569081367814,-2.22680057366741e-05
1.935,0.588569081367814,-8.65714464367073e-06
1.94,0.588569081367814,1.93894379859352e-05
1.945,0.588569081367814,5.37961504979774e-05
1.95,0.37756991591039,8.43963914781116e-05
1.955,0.37756991591039,0.000100340248859893
1.96,0.0570662710124255,9.64395759673312e-05
1.965,0.0570662710124255,7.08935263195824e-05
1.97,0.0570662710124255,3.14210098112265e-05
1.975,0.0570662710124255,-1.05636531927511e-05
1.98,0.0570662710124255,-4.48492315155112e-05
1.985,0.0570662710124255,-6.45951298075492e-05
1.99,0.668702541000438,-6.44972249428795e-05
1.995,0.668702541000438,-3.69859361039137e-05
2,0.203963882803273,9.9315729408379e-06
2.005,0.203963882803273,5.64907207907131e-05
2.01,0.474057430919711,9.05099327554076e-05
2.015,0.474057430919711,0.000108175872306932
2.02,0.308158196953565,0.000106502713788145
2.025,0.308158196953565,8.53535394906601e-05
2.03,0.308158196953565,5.17660150499445e-05
2.035,0.308158196953565,1.58775225941694e-05
2.04,-0.378429006280016,-1.63961731434038e-05
2.045,-0.378429006280016,-4.7927542982901e-05
2.05,-0.378429006280016,-7.47206435663809e-05
2.055,-0.378429006280016,-9.16495126871726e-05
2.06,0.496303185647419,-9.24945875557942e-05
2.065,0.496303185647419,-6.48976092770524e-05
2.07,0.0989168029950045,-1.58203003609044e-05
2.075,0.0989168029950045,3.60892184820104e-05
2.08,0.0989168029950045,7.6556136100189e-05
2.085,0.0989168029950045,9.62235426277769e-05
2.09,0.0989168029950045,9.17564160085395e-05
2.095,0.0989168029950045,6.66371125832141e-05
2.1,0.0989168029950045,2.96331087558291e-05
2.105,0.0989168029950045,-8.58129778556804e-06
2.11,-0.832357244006135,-4.3244688701652e-05
2.115,-0.832357244006135,-8.07742371366208e-05
2.12,0.542046062566362,-0.00011122844802394
2.125,0.542046062566362,-0.000108248977247365
2.13,0.542046062566362,-7.0156099150723e-05
2.135,0.542046062566362,-7.80663383954973e-06
2.14,0.542046062566362,6.28262882460156e-05
2.145,0.542046062566362,0.000123646619102339
2.15,0.826674723003339,0.000159971948234672
2.155,0.826674723003339,0.000167385223256543
2.16,0.695243962061554,0.000146907266781327
2.165,0.695243962061554,0.000105590800430269
2.17,0.651633954979095,5.68409978617481e-05
2.175,0.651633954979095,1.39549876316024e-05
2.18,-0.0766848705201142,-1.63209744457601e-05
2.185,-0.0766848705201142,-3.90463792578553e-05
2.19,0.992269433253771,-4.83435499014433e-05
2.195,0.992269433253771,-2.68004398279954e-05
2.2,0.843648942493633,2.12934205984595e-05
2.205,0.843648942493633,7.98324493795298e-05
2.21,0.843648942493633,0.000132192179070367
2.215,0.843648942493633,0.000164040515239442
2.22,0.843648942493633,0.000167746688506091
2.225,0.843648942493633,0.000144870881832124
2.23,-0.114643460449107,0.000101209576144823
2.235,-0.114643460449107,3.67757907816684e-05
2.24,-0.114643460449107,-3.33280268965716e-05
2.245,-0.114643460449107,-9.21786560270811e-05
2.25,0.786694459638831,-0.000124789283690507
2.255,0.786694459638831,-0.000113747778931986
2.26,0.786694459638831,-6.15519910360657e-05
2.265,0.786694459638831,1.73843898570213e-05
2.27,0.923796161710107,0.000103234382518031
2.275,0.923796161710107,0.000175176076953554
2.28,0.923796161710107,0.000213226468565834
2.285,0.923796161710107,0.000208263456917384
2.29,0.990731551731865,0.00016619946553408
2.295,0.990731551731865,0.000105279822090673
2.3,0.990731551731865,4.58562647460585e-05
2.305,0.990731551731865,3.76135154070887e-06
2.31,0.990731551731865,-1.19726131418571e-05
2.315,0.990731551731865,-4.1367044718477e-07
2.32,0.549820929423005,3.10710475017669e-05
2.325,0.549820929423005,6.65736199722957e-05
2.33,-0.634606441306866,8.99570728257814e-05
2.335,-0.634606441306866,7.81046087912061e-05
2.34,-0.634606441306866,3.29932074045752e-05
2.345,-0.634606441306866,-3.06688506574801e-05
2.35,-0.634606441306866,-9.62457452304923e-05
2.355,-0.634606441306866,-0.000150294070323517
2.36,0.737389410727019,-0.000178463084753545
2.365,0.737389410727019,-0.000157580935253862
2.37,0.831128308978179,-8.95065371450055e-05
2.375,0.831128308978179,1.00321122255894e-05
2.38,0.831128308978179,0.00011671218441885
2.385,0.831128308978179,0.000201675084253004
2.39,0.831128308978179,0.00024066409469937
2.395,0.831128308978179,0.000224871834542954
2.4,-0.200434701802207,0.000161144400866537
2.405,-0.200434701802207,5.88563483132851e-05
2.41,-0.200434701802207,-5.34802317068172e-05
2.415,-0.200434701802207,-0.000148674744628425
2.42,0.480259194298692,-0.000206967677875627
2.425,0.480259194298692,-0.000211769551837575
2.43,0.480259194298692,-0.000164175384738154
2.435,0.480259194298692,-7.72817535020528e-05
2.44,0.480259194298692,2.88855405561707e-05
2.445,0.480259194298692,0.000129012737672355
2.45,0.600136960448615,0.00019670561342075
2.455,0.600136960448615,0.000216865291631392
2.46,0.137172345072911,0.000185201708427373
2.465,0.137172345072911,0.000109341938767258
2.47,0.821295188859046,1.80191332601268e-05
2.475,0.821295188859046,-5.27711452089119e-05
2.48,0.636305943394295,-8.67986644731828e-05
2.485,0.636305943394295,-8.34940894612075e-05
2.49,-0.47239416695602,-5.21935929392778e-05
2.495,-0.47239416695602,-1.90069412989441e-05
2.5,-0.47239416695602,4.32648058748488e-06
2.505,-0.47239416695602,1.34056201666478e-05
2.51,0.708922039230566,1.22188733678968e-05
2.515,0.708922039230566,2.01179449596177e-05
2.52,0.708922039230566,3.89935465730842e-05
2.525,0.708922039230566,6.31238612352975e-05
2.53,0.708922039230566,8.57659399688862e-05
2.535,0.708922039230566,0.000101015026180067
2.54,-0.727862882582673,9.96370083375649e-05
2.545,-0.727862882582673,6.16649228529045e-05
2.55,-0.738584415280179,-5.02831034633864e-06
2.555,-0.738584415280179,-8.16532471555549e-05
2.56,0.15940917473114,-0.00014764531046414
2.565,0.15940917473114,-0.000177477742490068
2.57,0.15940917473114,-0.000165824605217088
2.575,0.15940917473114,-0.000118608133659041
2.58,0.15940917473114,-4.7624226413841e-05
2.585,0.15940917473114,3.0825459148297e-05
2.59,0.15940917473114,9.77575724975432e-05
2.595,0.15940917473114,0.000137019207271014
2.6,0.15940917473114,0.000139780085561274
2.605,0.15940917473114,0.000108805354336432
2.61,-0.099720403672664,5.49782647050655e-05
2.615,-0.099720403672664,-8.59126260515069e-06
2.62,-0.099720403672664,-6.66091090326551e-05
2.625,-0.099720403672664,-0.000106874260024783
2.63,-0.099720403672664,-0.000123214404277383
2.635,-0.099720403672664,-0.000114810821523852
2.64,-0.099720403672664,-8.56025479788286e-05
2.645,-0.099720403672664,-4.30347710308927e-05
2.65,-0.710090403552546,-1.97405117660516e-07
2.655,-0.710090403552546,2.44066024308304e-05
2.66,-0.706062235443787,2.42750185760207e-05
2.665,-0.706062235443787,1.94147740315723e-06
2.67,-0.706062235443787,-3.52131239373348e-05
2.675,-0.706062235443787,-7.74385790555466e-05
2.68,0.244110262970132,-0.000111710259826102
2.685,0.244110262970132,-0.000117448066843556
2.69,0.298095238215458,-9.2242726508759e-05
2.695,0.298095238215458,-4.30554081077865e-05
2.7,0.298095238215458,1.79605272995289e-05
2.705,0.298095238215458,7.5683206468188e-05
2.71,0.298095238215458,0.000115779145611243
2.715,0.298095238215458,0.000128821072394434
2.72,0.0264990797341067,0.000112541470662259
2.725,0.0264990797341067,7.01994302524496e-05
2.73,0.0264990797341067,1.48923975526799e-05
2.735,0.0264990797341067,-3.8187184386449e-05
2.74,0.0264990797341067,-7.70808604886141e-05
2.745,0.0264990797341067,-9.49952469930193e-05
2.75,0.0264990797341067,-9.03820881681122e-05
2.755,0.0264990797341067,-6.62815208100755e-05
2.76,0.196383932496117,-2.87124663787645e-05
2.765,0.196383932496117,1.5531921351778e-05
2.77,0.196383932496117,5.64124302794756e-05
2.775,0.196383932496117,8.40663821263543e-05
2.78,-0.848066616618316,8.80936904070704e-05
2.785,-0.848066616618316,5.36393381599962e-05
2.79,-0.848066616618316,-1.05076405029184e-05
2.795,-0.848066616618316,-8.61080810830645e-05
2.8,-0.848066616618316,-0.000155991588474602
2.805,-0.848066616618316,-0.000208112423638789
2.81,0.520167692892684,-0.000230678013293485
2.815,0.520167692892684,-0.000201709711258227
2.82,-0.753362130329669,-0.000129266703385058
2.825,-0.753362130329669,-4.97353395875006e-05
2.83,-0.753362130329669,1.54458286950427e-05
2.835,-0.753362130329669,5.30872996062736e-05
2.84,0.632184423435167,6.22862317109384e-05
2.845,0.632184423435167,6.46321785053312e-05
2.85,-0.520094948670194,6.06470917450887e-05
2.855,-0.520094948670194,3.46189641464774e-05
2.86,0.165465861831261,-6.60104496800013e-06
2.865,0.165465861831261,-4.1244219395363e-05
2.87,-0.900691139348516,-6.3795942072822e-05
2.875,-0.900691139348516,-8.74865426261198e-05
2.88,-0.900691139348516,-0.000111297017594809
2.885,-0.900691139348516,-0.000130696848368085
2.89,-0.805432219830562,-0.000142193208527312
2.895,-0.805432219830562,-0.000142987723151145
2.9,0.889574379443292,-0.000126552288612958
2.905,0.889574379443292,-7.11611601799343e-05
2.91,0.0182718150638401,1.14219173005592e-05
2.915,0.0182718150638401,8.71712170821306e-05
2.92,0.0182718150638401,0.000133945118000828
2.925,0.0182718150638401,0.000141087865117145
2.93,-0.0214947231999623,0.000110278807809217
2.935,-0.0214947231999623,5.34098973886842e-05
2.94,-0.0214947231999623,-1.17854871827239e-05
2.945,-0.0214947231999623,-6.87472432711026e-05
2.95,0.324561180357246,-0.000104112529726917
2.955,0.324561180357246,-0.000107956257678889
2.96,0.324561180357246,-8.11581073338589e-05
2.965,0.324561180357246,-3.19635599573092e-05
2.97,0.800107692835324,2.93691000274249e-05
2.975,0.800107692835324,9.44475176475899e-05
2.98,0.26150643775957,0.000145095996284485
2.985,0.26150643775957,0.000160108708780051
2.99,-0.777594489412425,0.000132274434487734
2.995,-0.777594489412425,5.80661874010784e-05
3,-0.777594489412425,-4.18209278499833e-05
3.005,-0.777594489412425,-0.000141405752514705
3.01,-0.777594489412425,-0.0002211311484659
3.015,-0.777594489412425,-0.000269940827036242
3.02,-0.560504136642276,-0.000282718741318363
3.025,-0.560504136642276,-0.000257954966591151
3.03,-0.220522326077493,-0.000200324274864884
3.035,-0.220522326077493,-0.000116285520571797
3.04,-0.220522326077493,-2.14538849164784e-05
3.045,-0.220522326077493,6.39481853369576e-05
3.05,-0.220522326077493,0.000119852441809698
3.055,-0.220522326077493,0.000133930544595687
3.06,0.516617428172335,0.000109466222882881
3.065,0.516617428172335,6.7794534822902e-05
3.07,-0.192175708823771,2.17756812706583e-05
3.075,-0.192175708823771,-2.69908679529999e-05
3.08,0.807090949663223,-6.56626371475578e-05
3.085,0.807090949663223,-7.08163131334631e-05
3.09,0.807090949663223,-4.11460178285331e-05
3.095,0.807090949663223,1.39185996356926e-05
3.1,-0.73605341478733,7.18964723418033e-05
3.105,-0.73605341478733,9.52736390390516e-05
3.11,-0.88410118155097,7.44072831508587e-05
3.115,-0.88410118155097,1.69341861022083e-05
3.12,0.912269080459605,-5.27407421274585e-05
3.125,0.912269080459605,-9.05967577028507e-05
3.13,0.912269080459605,-8.42172166458113e-05
3.135,0.912269080459605,-3.8872354933169e-05
3.14,-0.150417190156931,2.77601631416401e-05
3.145,-0.150417190156931,8.19336131765139e-05
3.15,-0.880440914105688,0.00010344600506447
3.155,-0.880440914105688,7.86668482275414e-05
3.16,0.530440173255187,2.13909926183864e-05
3.165,0.530440173255187,-2.88455499036075e-05
3.17,0.530440173255187,-5.54090322809351e-05
3.175,0.530440173255187,-5.48335406968019e-05
3.18,0.530440173255187,-2.97905036791898e-05
3.185,0.530440173255187,1.1941343190556e-05
3.19,-0.293682857555858,5.59463172302084e-05
3.195,-0.293682857555858,7.83885809924288e-05
3.2,-0.642388080395918,7.07491354128519e-05
3.205,-0.642388080395918,3.26179889608157e-05
3.21,-0.96919312469689,-2.64276843700225e-05
3.215,-0.96919312469689,-9.52436764727247e-05
3.22,-0.96919312469689,-0.000160125140708138
3.225,-0.96919312469689,-0.000209648335524555
3.23,0.913952396684384,-0.000229785105244302
3.235,0.913952396684384,-0.000190446522863535
3.24,0.913952396684384,-9.65403385975259e-05
3.245,0.913952396684384,3.00758161479097e-05
3.25,-0.662019941074591,0.000151491657250162
3.255,-0.662019941074591,0.000211135794179768
3.26,-0.662019941074591,0.000189700487353253
3.265,-0.662019941074591,0.000101975611120226
3.27,-0.662019941074591,-1.94669645477688e-05
3.275,-0.662019941074591,-0.000140911430177421
3.28,-0.298230949912904,-0.000236471443664465
3.285,-0.298230949912904,-0.000287739039392087
3.29,0.463444771317341,-0.000287137069645801
3.295,0.463444771317341,-0.000227859148578137
3.3,-0.295491926272613,-0.000124239515646585
3.305,-0.295491926272613,-9.46077257396981e-06
3.31,-0.295491926272613,8.94958516442301e-05
3.315,-0.295491926272613,0.000148901905826308
3.32,-0.0981525871381101,0.000156910731445164
3.325,-0.0981525871381101,0.000118761144956738
3.33,-0.0981525871381101,5.08478586777038e-05
3.335,-0.0981525871381101,-2.55328704125688e-05
3.34,-0.0981525871381101,-9.13610640010278e-05
3.345,-0.0981525871381101,-0.000133746009616356
3.35,-0.0981525871381101,-0.000147032373596856
3.355,-0.0981525871381101,-0.000131592531881948
3.36,-0.0981525871381101,-9.29261256527479e-05
3.365,-0.0981525871381101,-4.04843540108379e-05
3.37,-0.0981525871381101,1.36268336696622e-05
3.375,-0.0981525871381101,5.71178692159901e-05
3.38,-0.0940177845726899,7.99226952453439e-05
3.385,-0.0940177845726899,7.84024586495972e-05
3.39,-0.407358388784454,5.38812819077846e-05
3.395,-0.407358388784454,1.02720773647784e-05
3.4,-0.489385614148312,-4.15776952239117e-05
3.405,-0.489385614148312,-9.02087427612069e-05
3.41,-0.622089969934911,-0.000127156573226579
3.415,-0.622089969934911,-0.00014806256559475
3.42,-0.622089969934911,-0.000151721485480062
3.425,-0.622089969934911,-0.00013903241489284
3.43,-0.37355086673063,-0.000112703295117315
3.435,-0.37355086673063,-7.49315223839965e-05
3.44,-0.632977688525461,-3.43627128307651e-05
3.445,-0.632977688525461,-3.66450532651984e-06
3.45,-0.632977688525461,1.01607441738272e-05
3.455,-0.632977688525461,5.53923883137557e-06
3.46,0.263030807019327,-1.10220888707149e-05
3.465,0.263030807019327,-2.08257053185795e-05
3.47,0.251237121459381,-1.88622089299971e-05
3.475,0.251237121459381,-6.82772455056494e-06
3.48,-0.560454870302754,8.23494115104058e-06
3.485,-0.560454870302754,9.91781448394269e-06
3.49,-0.560454870302754,-3.94442163929619e-06
3.495,-0.560454870302754,-2.86469898096952e-05
3.5,-0.560454870302754,-5.76168501256574e-05
3.505,-0.560454870302754,-8.42353272502612e-05
3.51,-0.560454870302754,-0.000103368784155821
3.515,-0.560454870302754,-0.000111909215317512
3.52,-0.560454870302754,-0.000109373865354406
3.525,-0.560454870302754,-9.72216393002518e-05
3.53,-0.837748462268429,-7.98975184587121e-05
3.535,-0.837748462268429,-6.56196198421237e-05
3.54,-0.85877194193746,-5.80246895086585e-05
3.545,-0.85877194193746,-5.83612882086207e-05
3.55,-0.85877194193746,-6.58663407090114e-05
3.555,-0.85877194193746,-7.83166174178074e-05
3.56,-0.85877194193746,-9.27312838814954e-05
3.565,-0.85877194193746,-0.000106104973334216
3.57,-0.85877194193746,-0.000115962502975736
3.575,-0.85877194193746,-0.000120883009853943
3.58,0.551425357216805,-0.000114572866568149
3.585,0.551425357216805,-7.69139230977394e-05
3.59,0.551425357216805,-1.33542195225503e-05
3.595,0.551425357216805,5.99948225378346e-05
3.6,0.551425357216805,0.000124051522782927
3.605,0.551425357216805,0.000162239089585201
3.61,0.0264167351936553,0.000163590384297695
3.615,0.0264167351936553,0.000123147808297793
3.62,0.0264167351936553,5.47658878832248e-05
3.625,0.0264167351936553,-2.01556858160536e-05
3.63,-0.128282822838162,-8.34933356338249e-05
3.635,-0.128282822838162,-0.000125445746027096
3.64,-0.128282822838162,-0.000140265018284011
3.645,-0.128282822838162,-0.00012815264426089
3.65,-0.128282822838162,-9.3804912820809e-05
3.655,-0.128282822838162,-4.58520694242448e-05
3.66,0.106432501140387,5.74364269215532e-06
3.665,0.106432501140387,5.26106283665608e-05
3.67,0.106432501140387,8.44629277438589e-05
3.675,0.106432501140387,9.44597533832072e-05
3.68,-0.387301055966885,7.97884766108378e-05
3.685,-0.387301055966885,3.92174915075392e-05
3.69,-0.017017310762254,-1.44778185833118e-05
3.695,-0.017017310762254,-6.15815005590642e-05
3.7,-0.017017310762254,-9.10047665124975e-05
3.705,-0.017017310762254,-9.86099792307911e-05
3.71,-0.017017310762254,-8.50081105360397e-05
3.715,-0.017017310762254,-5.48504807498297e-05
3.72,0.0215431283442193,-1.57248281232349e-05
3.725,0.0215431283442193,2.37442302245276e-05
3.73,-0.635255416644524,5.13974157103106e-05
3.735,-0.635255416644524,5.16452116608289e-05
3.74,-0.635255416644524,2.44352283301399e-05
3.745,-0.635255416644524,-2.11258464515098e-05
3.75,0.589662833766906,-6.77583540219275e-05
3.755,0.589662833766906,-8.6340445965963e-05
3.76,0.589662833766906,-7.08476250870237e-05
3.765,0.589662833766906,-2.7662036891107e-05
3.77,0.589662833766906,3.13494958109696e-05
3.775,0.589662833766906,9.08355124835496e-05
3.78,0.589662833766906,0.000135125537691379
3.785,0.589662833766906,0.000153064209585063
3.79,-0.288636260387383,0.000138417158102807
3.795,-0.288636260387383,8.50460363703153e-05
3.8,-0.288636260387383,8.33649876056019e-06
3.805,-0.288636260387383,-7.00377709077616e-05
3.81,-0.288636260387383,-0.000132547430819516
3.815,-0.288636260387383,-0.000168783687549049
3.82,-0.288636260387383,-0.000174839097107046
3.825,-0.288636260387383,-0.000152661423268646
3.83,-0.242781234679463,-0.000108462673527864
3.835,-0.242781234679463,-5.1647501881118e-05
3.84,-0.242781234679463,5.42713103179083e-06
3.845,-0.242781234679463,5.02323436389634e-05
3.85,-0.623160916564954,7.14728259794021e-05
3.855,-0.623160916564954,5.98153191009302e-05
3.86,0.0656511775989097,2.28413925561488e-05
3.865,0.0656511775989097,-1.7434534967115e-05
3.87,0.0656511775989097,-4.82512158095924e-05
3.875,0.0656511775989097,-6.39372364775096e-05
3.88,0.298545792846233,-6.15742106983865e-05
3.885,0.298545792846233,-3.98912304500787e-05
3.89,0.298545792846233,-4.32861201213239e-06
3.895,0.298545792846233,3.57818978850728e-05
3.9,0.298545792846233,7.03272616041796e-05
3.905,0.298545792846233,9.08500324927043e-05
3.91,0.878003123999774,9.50827937739039e-05
3.915,0.878003123999774,9.2734764231371e-05
3.92,0.878003123999774,8.73764147997951e-05
3.925,0.878003123999774,8.07761805306691e-05
3.93,-0.751885622985968,6.83764340537627e-05
3.935,-0.751885622985968,2.91252415958798e-05
3.94,0.100312685796844,-2.75965268638046e-05
3.945,0.100312685796844,-7.3600507083901e-05
3.95,-0.244950172002455,-9.82264412788513e-05
3.955,-0.244950172002455,-0.000104023887670245
3.96,-0.244950172002455,-9.30794160344939e-05
3.965,-0.244950172002455,-6.90888354759263e-05
3.97,0.174089409062834,-3.63099365103789e-05
3.975,0.174089409062834,3.51728036234259e-06
3.98,0.174089409062834,4.27753166269085e-05
3.985,0.174089409062834,7.18368231996447e-05
3.99,0.174089409062834,8.42776284594455e-05
3.995,0.174089409062834,7.82415735476022e-05
4,0.584515414533943,5.89822703556615e-05
4.005,0.584515414533943,3.90390434177628e-05
4.01,-0.397507339441019,2.11410470367949e-05
4.015,-0.397507339441019,-5.52735122675919e-06
4.02,-0.397507339441019,-3.77001953858015e-05
4.025,-0.397507339441019,-6.76617072097387e-05
4.03,-0.397507339441019,-8.92585148663274e-05
4.035,-0.397507339441019,-9.90256545462437e-05
4.04,-0.397507339441019,-9.61725228619082e-05
4.045,-0.397507339441019,-8.24967409149957e-05
4.05,0.0581533029648187,-6.0019814604285e-05
4.055,0.0581533029648187,-2.70431536633451e-05
4.06,0.0581533029648187,1.02949360550587e-05
4.065,0.0581533029648187,4.29359627270871e-05
4.07,-0.539023679576883,6.07736884877671e-05
4.075,-0.539023679576883,5.14341753211895e-05
4.08,-0.688617585390778,1.7102964642101e-05
4.085,-0.688617585390778,-3.35935400808128e-05
4.09,-0.688617585390778,-8.80854615393702e-05
4.095,-0.688617585390778,-0.000134722976666002
4.1,-0.688617585390778,-0.000165570713159554
4.105,-0.688617585390778,-0.000176509218492673
4.11,-0.688617585390778,-0.000167907829402823
4.115,-0.688617585390778,-0.000142940525356415
4.12,-0.688617585390778,-0.00010747907852802
4.125,-0.688617585390778,-6.89772681902796e-05
4.13,-0.688617585390778,-3.51395640626899e-05
4.135,-0.688617585390778,-1.28362088363553e-05
4.14,-0.688617585390778,-5.67638161257536e-06
4.145,-0.688617585390778,-1.39451845247601e-05
4.15,-0.610471420865901,-3.39376015845457e-05
4.155,-0.610471420865901,-5.8928568659564e-05
4.16,-0.610471420865901,-8.283100397263e-05
4.165,-0.610471420865901,-0.000100921406305205
4.17,0.548156438055202,-0.000105458514553987
4.175,0.548156438055202,-7.87246787398004e-05
4.18,0.548156438055202,-2.47419338245861e-05
4.185,0.548156438055202,4.23569810932131e-05
4.19,0.548156438055202,0.000105385289381015
4.195,0.548156438055202,0.000147808260644231
4.2,-0.658583905704283,0.000154364040716999
4.205,-0.658583905704283,0.000107879457741382
4.21,-0.658583905704283,2.24402948398693e-05
4.215,-0.658583905704283,-7.58908787333787e-05
4.22,-0.658583905704283,-0.000164146829667455
4.225,-0.658583905704283,-0.000226863778364157
4.23,0.544671404366893,-0.000251524509791742
4.235,0.544671404366893,-0.000219357011466556
4.24,0.544671404366893,-0.000134506121988167
4.245,0.544671404366893,-1.78609113518251e-05
4.25,-0.128602631792202,0.000100830887076899
4.255,-0.128602631792202,0.00018176833373009
4.26,0.377795426699174,0.000203532854560328
4.265,0.377795426699174,0.000172639113538409
4.27,0.846759284206488,0.000107580390408124
4.275,0.846759284206488,3.84517496041479e-05
4.28,0.139585217340832,-1.66655708384412e-05
4.285,0.139585217340832,-5.66502970975961e-05
4.29,-0.630367359751728,-8.03796936854231e-05
4.295,-0.630367359751728,-9.59497086184952e-05
4.3,-0.630367359751728,-0.000104436545847975
4.305,-0.630367359751728,-0.000104848267565771
4.31,-0.809761937359786,-9.85662053132064e-05
4.315,-0.809761937359786,-9.0243444122083e-05
4.32,0.95949675671217,-7.52292076481407e-05
4.325,0.95949675671217,-2.98668907243138e-05
4.33,0.122260053747794,3.67901238024335e-05
4.335,0.122260053747794,9.41966148857635e-05
4.34,-0.777761553118802,0.00012121657149002
4.345,-0.777761553118802,9.94296295450178e-05
4.35,-0.777761553118802,3.61109692539499e-05
4.355,-0.777761553118802,-4.82404051785287e-05
4.36,-0.777761553118802,-0.000132224690982296
4.365,-0.777761553118802,-0.000199529371895491
4.37,-0.777761553118802,-0.000240233145168796
4.375,-0.777761553118802,-0.000250879893361172
4.38,0.483870608175866,-0.000227548882823919
4.385,0.483870608175866,-0.000157645868403451
4.39,-0.182560307774896,-5.44138905197931e-05
4.395,-0.182560307774896,4.87084459124605e-05
4.4,-0.182560307774896,0.000125626175535834
4.405,-0.182560307774896,0.000157810446722942
4.41,-0.182560307774896,0.00014000385050847
4.415,-0.182560307774896,8.23311416142214e-05
4.42,-0.182560307774896,4.9309014207215e-06
4.425,-0.182560307774896,-7.07417530044597e-05
4.43,-0.189792148017229,-0.000128257640906033
4.435,-0.189792148017229,-0.000158288634730996
4.44,-0.475576504438309,-0.000159470627575963
4.445,-0.475576504438309,-0.000138651024354217
4.45,-0.475576504438309,-0.000102711179938418
4.455,-0.475576504438309,-5.96917697028699e-05
4.46,-0.205686178764166,-1.76583103564322e-05
4.465,-0.205686178764166,1.85706483617855e-05
4.47,0.422431560867366,4.49135305622385e-05
4.475,0.422431560867366,6.52388392290075e-05
4.48,0.55650653196552,7.78237725481121e-05
4.485,0.55650653196552,8.20822209164047e-05
4.49,0.55650653196552,7.81569249284524e-05
4.495,0.55650653196552,6.79106223903916e-05
4.5,-0.765164698288388,4.93481517651492e-05
4.505,-0.765164698288388,7.64083473136339e-06
4.51,0.406648253563346,-4.49856699974192e-05
4.515,0.406648253563346,-7.77645391494112e-05
4.52,0.406648253563346,-8.1112154160967e-05
4.525,0.406648253563346,-5.71571451323183e-05
4.53,0.406648253563346,-1.34116431419091e-05
4.535,0.406648253563346,3.86313866378643e-05
4.54,0.406648253563346,8.58294148562342e-05
4.545,0.406648253563346,0.000116100549475284
4.55,0.406648253563346,0.000122640052083354
4.555,0.406648253563346,0.00010620206702643
4.56,-0.362443396148235,7.00107108823092e-05
4.565,-0.362443396148235,1.45911557089959e-05
4.57,0.151666480572386,-4.54906028102444e-05
4.575,0.151666480572386,-8.83737842111742e-05
4.58,0.0157165693222363,-0.000105175363476493
4.585,0.0157165693222363,-9.81948548130989e-05
4.59,0.828968405819912,-6.61329972409451e-05
4.595,0.828968405819912,-5.47657749465032e-06
4.6,0.828968405819912,7.02054317767508e-05
4.605,0.828968405819912,0.00014025732060123
4.61,0.828968405819912,0.000185333406069077
4.615,0.828968405819912,0.000193763974596646
4.62,-0.475035530603335,0.000160735083254132
4.625,-0.475035530603335,8.11960238839742e-05
4.63,-0.475035530603335,-2.26091537489032e-05
4.635,-0.475035530603335,-0.00012284795726262
4.64,-0.475035530603335,-0.000199430148458871
4.645,-0.475035530603335,-0.000241613605325537
4.65,-0.602029245539478,-0.000246832895448053
4.655,-0.602029245539478,-0.00021974158099204
4.66,-0.941559444875707,-0.000169417898515234
4.665,-0.941559444875707,-0.000111141230912479
4.67,-0.857708278956089,-5.70710167333596e-05
4.675,-0.857708278956089,-1.5957302507575e-05
4.68,-0.857708278956089,4.92855439374905e-06
4.685,-0.857708278956089,2.59927406233208e-06
4.69,-0.857708278956089,-2.00513299720948e-05
4.695,-0.857708278956089,-5.60388539646009e-05
4.7,0.460661725710906,-9.06081724703207e-05
4.705,0.460661725710906,-9.7121316463214e-05
4.71,0.460661725710906,-7.16648908029983e-05
4.715,0.460661725710906,-2.22405226826243e-05
4.72,0.0227820523928417,3.63836388302798e-05
4.725,0.0227820523928417,8.2926396164223e-05
4.73,0.157050122046878,0.000105085407269481
4.735,0.157050122046878,0.000101153225179301
4.74,0.157050122046878,7.52301463840813e-05
4.745,0.157050122046878,3.6565477571342e-05
4.75,0.157050122046878,-3.67285245198478e-06
4.755,0.157050122046878,-3.55845207534474e-05
4.76,0.157050122046878,-5.281967667083e-05
4.765,0.157050122046878,-5.31031466916571e-05
4.77,0.525432840456957,-3.6527027042516e-05
4.775,0.525432840456957,-2.53390612687168e-06
4.78,0.525432840456957,4.10202375060015e-05
4.785,0.525432840456957,8.2597213051818e-05
4.79,0.525432840456957,0.000111584414244535
4.795,0.525432840456957,0.000121002902849804
4.8,0.525432840456957,0.000110098421525199
4.805,0.525432840456957,8.38786330918069e-05
4.81,0.525432840456957,5.11623165214523e-05
4.815,0.525432840456957,2.12162198227841e-05
4.82,-0.0823023436401378,-1.05524713835825e-06
4.825,-0.0823023436401378,-2.05045992693331e-05
4.83,-0.926177078573826,-3.8796161364089e-05
4.835,-0.926177078573826,-6.52098600965266e-05
4.84,-0.926177078573826,-9.65179254779779e-05
4.845,-0.926177078573826,-0.000126048346563551
4.85,0.093611437477936,-0.000144007347415599
4.855,0.093611437477936,-0.000132375460038212
4.86,-0.042271661608003,-9.30354011948092e-05
4.865,-0.042271661608003,-3.8143351549113e-05
4.87,-0.536811226582952,1.70411998336739e-05
4.875,-0.536811226582952,5.26880133221883e-05
4.88,0.0222045121596661,6.19267340129974e-05
4.885,0.0222045121596661,5.33201950282775e-05
4.89,0.248120176347379,3.3918015668812e-05
4.895,0.248120176347379,1.30631442297159e-05
4.9,-0.358271081731495,-5.61953989637923e-06
4.905,-0.358271081731495,-2.71576854943785e-05
4.91,-0.208969568662814,-4.82191582577118e-05
4.915,-0.208969568662814,-6.19318229566541e-05
4.92,-0.208969568662814,-6.56041877810491e-05
4.925,-0.208969568662814,-5.94508143460536e-05
4.93,-0.208969568662814,-4.5690255521813e-05
4.935,-0.208969568662814,-2.79363810816249e-05
4.94,0.265126702911047,-8.31289176026897e-06
4.945,0.265126702911047,1.55881741811724e-05
4.95,0.975964006323266,4.26343243466034e-05
4.955,0.975964006323266,7.65337471558165e-05
4.96,0.924522267520896,0.000110444412817588
4.965,0.924522267520896,0.00013411072573462
4.97,0.924522267520896,0.000141398836589516
4.975,0.924522267520896,0.000131726786089593
4.98,0.924522267520896,0.000109588592536099
4.985,0.924522267520896,8.26117311492076e-05
4.99,0.924522267520896,5.87828191537451e-05
4.995,0.924522267520896,4.42430494028533e-05
5,0.770336016404951,4.13224573103439e-05
5.005,0.770336016404951,4.72245637043175e-05
5.01,-0.826573655278478,5.24968584205532e-05
5.015,-0.826573655278478,3.14880266230902e-05
5.02,-0.826573655278478,-1.43515487398809e-05
5.025,-0.826573655278478,-7.19974768504608e-05
5.03,0.592367747170424,-0.00012240795813817
5.035,0.592367747170424,-0.00013390095012345
5.04,0.592367747170424,-0.000102946350260348
5.045,0.592367747170424,-3.94222798889787e-05
5.05,0.802575442688851,4.141560708192e-05
5.055,0.802575442688851,0.000122120656923476
5.06,0.802575442688851,0.000181656314053847
5.065,0.802575442688851,0.000203593193881784
5.07,0.802575442688851,0.0001845089076518
5.075,0.802575442688851,0.000134491168571518
5.08,-0.476257632258568,6.72311255390843e-05
5.085,-0.476257632258568,-1.64040116705686e-05
5.09,-0.476257632258568,-9.9624726707414e-05
5.095,-0.476257632258568,-0.000165446583360695
5.1,0.329286320074407,-0.000200542362697589
5.105,0.329286320074407,-0.000189022215329549
5.11,0.329286320074407,-0.000134131055685071
5.115,0.329286320074407,-4.9419447258949e-05
5.12,0.329286320074407,4.56261841724611e-05
5.125,0.329286320074407,0.000127814798654536
5.13,0.329286320074407,0.000175997742744571
5.135,0.329286320074407,0.000178755830876443
5.14,0.329286320074407,0.000139429938627792
5.145,0.329286320074407,7.42814934182373e-05
5.15,0.359455902754676,4.27360532793691e-06
5.155,0.359455902754676,-5.19374076329043e-05
5.16,0.359455902754676,-8.29927438297913e-05
5.165,0.359455902754676,-8.48020813826968e-05
5.17,0.359455902754676,-5.98410711741169e-05
5.175,0.359455902754676,-1.57317255679471e-05
5.18,0.359455902754676,3.60572642945732e-05
5.185,0.359455902754676,8.25694001567339e-05
5.19,0.359455902754676,0.000112006439113737
5.195,0.359455902754676,0.000118004871453309
5.2,0.726893725289261,0.000102355497755084
5.205,0.726893725289261,7.72132432685982e-05
5.21,0.726893725289261,5.19406276841828e-05
5.215,0.726893725289261,3.32068362525456e-05
5.22,0.726893725289261,2.52243311809235e-05
5.225,0.726893725289261,2.88707792682126e-05
5.23,0.44245499716348,4.07753934618471e-05
5.235,0.44245499716348,5.3005166933669e-05
5.24,0.44245499716348,6.13674430564077e-05
5.245,0.44245499716348,6.40327134750349e-05
5.25,0.786476276785517,6.22818486220428e-05
5.255,0.786476276785517,6.22857073444384e-05
5.26,0.307514697337119,6.32206658412661e-05
5.265,0.307514697337119,5.740386671613e-05
5.27,0.307514697337119,4.51543842099431e-05
5.275,0.307514697337119,3.02502829884886e-05
5.28,0.0116521267214598,1.56707950754217e-05
5.285,0.0116521267214598,2.52106410874937e-07
5.29,0.55810344646255,-1.11828407489397e-05
5.295,0.55810344646255,-7.87683609167117e-06
5.3,-0.430074156801388,5.99699015385764e-06
5.305,-0.430074156801388,1.04581312082347e-05
5.31,0.807441121112633,7.09152606042655e-06
5.315,0.807441121112633,1.63650845466908e-05
5.32,-0.781845008661578,3.31239363040479e-05
5.325,-0.781845008661578,2.84074881459058e-05
5.33,-0.781845008661578,-9.08886483106904e-07
5.335,-0.781845008661578,-4.55830781396117e-05
5.34,-0.331673894525008,-9.22082884927173e-05
5.345,-0.331673894525008,-0.000124315715249185
5.35,-0.331673894525008,-0.000135374027378641
5.355,-0.331673894525008,-0.000125483424085852
5.36,-0.397491664669589,-9.86836421946069e-05
5.365,-0.397491664669589,-6.25535091739288e-05
5.37,-0.604380346628142,-2.6183900184087e-05
5.375,-0.604380346628142,-6.38683330352438e-07
5.38,0.938918107390727,1.50031135824357e-05
5.385,0.938918107390727,4.21923502593167e-05
5.39,0.938918107390727,7.84261881031944e-05
5.395,0.938918107390727,0.000113334636457794
5.4,0.938918107390727,0.000137127236998591
5.405,0.938918107390727,0.000144045176268308
5.41,0.938918107390727,0.000133535413511205
5.415,0.938918107390727,0.000110438120581091
5.42,0.488148520734925,8.07213893177251e-05
5.425,0.488148520734925,4.63748200358229e-05
5.43,0.488148520734925,1.52820821587533e-05
5.435,0.488148520734925,-5.12753397636524e-06
5.44,-4.4871180401751e-05,-1.29134506065837e-05
5.445,-4.4871180401751e-05,-1.50788624901458e-05
5.45,-0.0401557177078791,-1.37383460340695e-05
5.455,-0.0401557177078791,-1.01468352557484e-05
5.46,-0.809444476134725,-8.6213348087175e-06
5.465,-0.809444476134725,-2.10583202483522e-05
5.47,-0.809444476134725,-4.63743419584565e-05
5.475,-0.809444476134725,-7.78822522797634e-05
5.48,-0.809444476134725,-0.000108487422109285
5.485,-0.809444476134725,-0.000132375647434034
5.49,0.219733296845117,-0.000141499093771924
5.495,0.219733296845117,-0.000119388158423967
5.5,0.219733296845117,-6.9380034113247e-05
5.505,0.219733296845117,-3.93253470921336e-06
5.51,0.219733296845117,6.10663440266772e-05
5.515,0.219733296845117,0.000109857381396985
5.52,0.219733296845117,0.000130542109036591
5.525,0.219733296845117,0.000119978900138019
5.53,0.219733296845117,8.40862074101869e-05
5.535,0.219733296845117,3.54366114226649e-05
5.54,-0.235332779176909,-1.39355040990894e-05
5.545,-0.235332779176909,-5.89542236920162e-05
5.55,0.718884611292425,-8.87472074190051e-05
5.555,0.718884611292425,-8.362526783644e-05
5.56,-0.610978849059371,-4.97248944146843e-05
5.565,-0.610978849059371,-1.69205635685346e-05
5.57,0.15344303122937,5.11876183097826e-06
5.575,0.15344303122937,2.44338346397925e-05
5.58,0.634155061170172,4.15713708375799e-05
5.585,0.634155061170172,5.99802815084189e-05
5.59,0.634155061170172,7.65707417351088e-05
5.595,0.634155061170172,8.71141051824115e-05
5.6,-0.520135978862565,8.47867760586775e-05
5.605,-0.520135978862565,5.37690287387368e-05
5.61,-0.773023866152203,-6.23640332066183e-07
5.615,-0.773023866152203,-6.70129483156528e-05
5.62,-0.773023866152203,-0.000130687970977147
5.625,-0.773023866152203,-0.00017966437598675
5.63,-0.942651695071788,-0.000207585868503431
5.635,-0.942651695071788,-0.0002145515102843
5.64,-0.942651695071788,-0.000202333114984391
5.645,-0.942651695071788,-0.000174546098431421
5.65,0.0201972229755523,-0.000133099726889623
5.655,0.0201972229755523,-7.13817070426458e-05
5.66,0.0201972229755523,3.82846331423804e-07
5.665,0.0201972229755523,6.54704564474403e-05
5.67,-0.664145708635486,0.000105475623662521
5.675,-0.664145708635486,0.000102156505862705
5.68,-0.664145708635486,5.78548182288234e-05
5.685,-0.664145708635486,-1.2079960649606e-05
5.69,-0.664145708635486,-8.82471113842399e-05
5.695,-0.664145708635486,-0.000154013967733085
5.7,-0.664145708635486,-0.000198134377578344
5.705,-0.664145708635486,-0.000215482729025545
5.71,-0.957361299282318,-0.000207319334754528
5.715,-0.957361299282318,-0.000181562542084746
5.72,-0.957361299282318,-0.000145250643873075
5.725,-0.957361299282318,-0.000105446313427792
5.73,0.425388943357828,-6.36950868774957e-05
5.735,0.425388943357828,-7.42761957905501e-06
5.74,-0.000943248309686062,5.33278080992249e-05
5.745,-0.000943248309686062,9.67821388264844e-05
5.75,-0.0578232509161214,0.000111104384426647
5.755,-0.0578232509161214,9.41087954807615e-05
5.76,0.880762264840722,5.6827597717251e-05
5.765,0.880762264840722,2.58031440625825e-05
5.77,0.880762264840722,1.20519844884271e-05
5.775,0.880762264840722,1.73444219399518e-05
5.78,0.363943808298126,3.63051588161918e-05
5.785,0.363943808298126,5.54322531254212e-05
5.79,0.915137724998517,7.0059494845668e-05
5.795,0.915137724998517,8.50994584324339e-05
5.8,0.915137724998517,9.84545473815646e-05
5.805,0.915137724998517,0.00010658137972767
5.81,0.915137724998517,0.000107623816980141
5.815,0.915137724998517,0.000102036332838906
5.82,-0.857109070798715,8.45838189596694e-05
5.825,-0.857109070798715,3.42626077263566e-05
5.83,-0.0432996849285674,-3.6530992690256e-05
5.835,-0.0432996849285674,-9.71047769676639e-05
5.84,-0.806539948438266,-0.000135928914939506
5.845,-0.806539948438266,-0.000159416780846416
5.85,-0.806539948438266,-0.000167790600647768
5.855,-0.806539948438266,-0.000160967653836443
5.86,-0.806539948438266,-0.000141561320366616
5.865,-0.806539948438266,-0.000114133851080541
5.87,-0.636297107719249,-8.35560982835977e-05
5.875,-0.636297107719249,-5.34728960778671e-05
5.88,0.635094184158573,-2.41030370671917e-05
5.885,0.635094184158573,1.74539742340636e-05
5.89,-0.444879184733685,6.11440703867974e-05
5.895,-0.444879184733685,7.95010615252431e-05
5.9,-0.700269115044066,6.48421186523564e-05
5.905,-0.700269115044066,2.02792722646163e-05
5.91,-0.319210505816614,-3.95432330803113e-05
5.915,-0.319210505816614,-9.3970701308136e-05
5.92,-0.319210505816614,-0.000130521142985716
5.925,-0.319210505816614,-0.000144304315363839
5.93,-0.319210505816614,-0.000134987828395145
5.935,-0.319210505816614,-0.000106401408479795
5.94,-0.319210505816614,-6.56618077331585e-05
5.945,-0.319210505816614,-2.1938776269735e-05
5.95,-0.319210505816614,1.51391257844523e-05
5.955,-0.319210505816614,3.75809108342927e-05
5.96,-0.319210505816614,4.14308197078248e-05
5.965,-0.319210505816614,2.74320190966558e-05
5.97,0.0371898850210763,2.40960753076842e-06
5.975,0.0371898850210763,-2.12285291474311e-05
5.98,-0.945949109527725,-4.08862727085754e-05
5.985,-0.945949109527725,-6.78290495471513e-05
5.99,0.297982985424712,-9.44518896706701e-05
5.995,0.297982985424712,-9.62954049199587e-05
6,0.297982985424712,-7.05460029519331e-05
6.005,0.297982985424712,-2.49574122739603e-05
6.01,0.297982985424712,2.87814301619926e-05
6.015,0.297982985424712,7.74884799517584e-05
6.02,-0.600661150704803,0.000105861265307928
6.025,-0.600661150704803,9.42587439167213e-05
6.03,-0.600661150704803,4.57769814839229e-05
6.035,-0.600661150704803,-2.33719741690562e-05
6.04,-0.600661150704803,-9.47804571204122e-05
6.045,-0.600661150704803,-0.000153417369273376
6.05,-0.092404582546161,-0.000187466171823511
6.055,-0.092404582546161,-0.000185813551687276
6.06,-0.092404582546161,-0.000150244682617902
6.065,-0.092404582546161,-9.00275316542325e-05
6.07,0.135216992433077,-1.75682783752538e-05
6.075,0.135216992433077,5.41115565624139e-05
6.08,0.135216992433077,0.000108586261655608
6.085,0.135216992433077,0.000132989912096348
6.09,0.650627590804091,0.000125144238268052
6.095,0.650627590804091,9.82400577770033e-05
6.1,0.833060370282172,6.45396766474768e-05
6.105,0.833060370282172,3.66468252593886e-05
6.11,0.833060370282172,2.19268684966568e-05
6.115,0.833060370282172,2.27889670517025e-05
6.12,0.833060370282172,3.75241272625117e-05
6.125,0.833060370282172,6.11627225548013e-05
6.13,-0.733657984785677,8.04059114197525e-05
6.135,-0.733657984785677,6.65274318225238e-05
6.14,-0.733657984785677,2.03514848250958e-05
6.145,-0.733657984785677,-4.35902608355912e-05
6.15,0.653222773761989,-0.000104028220215795
6.155,0.653222773761989,-0.000127101213708603
6.16,-0.218124395352529,-0.000110047840990275
6.165,-0.218124395352529,-7.32898791499044e-05
6.17,-0.662759485678139,-3.11562136266459e-05
6.175,-0.662759485678139,2.78929889529486e-07
6.18,0.60672878320488,1.84279171560981e-05
6.185,0.60672878320488,3.97678772226772e-05
6.19,0.60672878320488,6.3628699611448e-05
6.195,0.60672878320488,8.34698696724845e-05
6.2,0.60672878320488,9.45364595440178e-05
6.205,0.60672878320488,9.44340992909628e-05
6.21,0.879057641660213,8.53151954374276e-05
6.215,0.879057641660213,7.48546318402996e-05
6.22,0.879057641660213,6.70679119464628e-05
6.225,0.879057641660213,6.37816990996063e-05
6.23,-0.201484458772849,6.10997815574831e-05
6.235,-0.201484458772849,4.31052796499285e-05
6.24,-0.0537516610165918,1.22562660886072e-05
6.245,-0.0537516610165918,-2.0337745760271e-05
6.25,-0.166401064138426,-4.69796239364626e-05
6.255,-0.166401064138426,-6.41363026723985e-05
6.26,-0.166401064138426,-6.95286830603341e-05
6.265,-0.166401064138426,-6.31168224727535e-05
6.27,-0.166401064138426,-4.73780097460658e-05
6.275,-0.166401064138426,-2.64755316004002e-05
6.28,-0.166401064138426,-5.46217294950644e-06
6.285,-0.166401064138426,1.09493389261148e-05
6.29,-0.166401064138426,1.93060162683839e-05
6.295,-0.166401064138426,1.84374369998104e-05
6.3,-0.166401064138426,9.37881208050056e-06
6.305,-0.166401064138426,-4.88445942298578e-06
6.31,-0.313719781947414,-2.10666326142434e-05
6.315,-0.313719781947414,-3.75809928125775e-05
6.32,-0.313719781947414,-5.14036323044082e-05
6.325,-0.313719781947414,-6.04362054520863e-05
6.33,0.255946718380208,-5.97807149534073e-05
6.335,0.255946718380208,-4.16575557586243e-05
6.34,0.255946718380208,-9.70344183114333e-06
6.345,0.255946718380208,2.73510310381059e-05
6.35,0.41603184007657,6.09208025651925e-05
6.355,0.41603184007657,8.52674654367001e-05
6.36,-0.13669765950256,9.31655383750574e-05
6.365,-0.13669765950256,7.57188932308035e-05
6.37,-0.13669765950256,3.77830351799388e-05
6.375,-0.13669765950256,-9.13661957604726e-06
6.38,0.969025748727962,-4.80049901190766e-05
6.385,0.969025748727962,-5.42291477450762e-05
6.39,0.968127448758308,-2.52402762544728e-05
6.395,0.968127448758308,2.92579301708968e-05
6.4,0.968127448758308,9.39082094873683e-05
6.405,0.968127448758308,0.000150879049748513
6.41,0.968127448758308,0.000184019773222163
6.415,0.968127448758308,0.000185413222945698
6.42,0.665663180170688,0.00015624002617153
6.425,0.665663180170688,0.000104095157484164
6.43,-0.787567310142672,3.88473594028478e-05
6.435,-0.787567310142672,-4.30888726030178e-05
6.44,-0.787567310142672,-0.000126324120407639
6.445,-0.787567310142672,-0.000194295168335432
6.45,-0.787567310142672,-0.000236709835609307
6.455,-0.787567310142672,-0.000249309416742761
6.46,-0.787567310142672,-0.000233530047499577
6.465,-0.787567310142672,-0.000194188524521337
6.47,-0.787567310142672,-0.000139573999212552
6.475,-0.787567310142672,-8.02989170531277e-05
6.48,0.255180519888926,-2.35993180283163e-05
6.485,0.255180519888926,3.47766813196853e-05
6.49,-0.603763194914051,8.16302799128519e-05
6.495,-0.603763194914051,9.25264358895567e-05
6.5,-0.603763194914051,6.47902174832332e-05
6.505,-0.603763194914051,9.42301315065686e-06
6.51,0.0206247239679522,-5.44514104666274e-05
6.515,0.0206247239679522,-0.000102455422234708
6.52,0.0206247239679522,-0.000123693526847232
6.525,0.0206247239679522,-0.000116749976430515
6.53,-0.321013173218485,-8.69630388661081e-05
6.535,-0.321013173218485,-4.74143783800977e-05
6.54,-0.903260929555454,-1.0881526247736e-05
6.545,-0.903260929555454,5.89444995329353e-06
6.55,-0.903260929555454,-1.36081819686548e-06
6.555,-0.903260929555454,-2.8669631563884e-05
6.56,0.840664079673128,-6.09034106932503e-05
6.565,0.840664079673128,-6.3942689348917e-05
6.57,0.894646004638415,-3.28036278460553e-05
6.575,0.894646004638415,2.34490095815053e-05
6.58,0.475716191033993,8.74374529256294e-05
6.585,0.475716191033993,0.000135848751377099
6.59,0.475716191033993,0.000154510858828883
6.595,0.475716191033993,0.000140749937709662
6.6,0.461761147202888,0.000101738564270094
6.605,0.461761147202888,5.0980296282789e-05
6.61,0.461761147202888,3.20345226150162e-06
6.615,0.461761147202888,-3.00541430385104e-05
6.62,0.461761147202888,-4.25883511501116e-05
6.625,0.461761147202888,-3.36205483901115e-05
6.63,0.461761147202888,-7.1690379476614e-06
6.635,0.461761147202888,2.92563437202605e-05
6.64,-0.154328769982384,6.29755533718629e-05
6.645,-0.154328769982384,7.67318895823972e-05
6.65,-0.154328769982384,6.63464611786443e-05
6.655,-0.154328769982384,3.68668873030393e-05
6.66,-0.0957418024296894,-2.0849576644653e-06
6.665,-0.0957418024296894,-3.93751051319529e-05
6.67,-0.0957418024296894,-6.65131180587268e-05
6.675,-0.0957418024296894,-7.88045246154425e-05
6.68,0.885473968553869,-7.11430257861779e-05
6.685,0.885473968553869,-3.18354587545435e-05
6.69,0.164511791366676,2.77856526340282e-05
6.695,0.164511791366676,8.18494707990708e-05
6.7,0.966104932939712,0.00011769047189862
6.705,0.966104932939712,0.000138451027526558
6.71,0.397090102575869,0.000140662184906106
6.715,0.397090102575869,0.000116327685540041
6.72,0.402197511801853,7.31876996609076e-05
6.725,0.402197511801853,2.51609739432136e-05
6.73,-0.332677703168851,-1.80664465820251e-05
6.735,-0.332677703168851,-5.79412599042381e-05
6.74,-0.332677703168851,-8.90943438127157e-05
6.745,-0.332677703168851,-0.000106036405135796
6.75,0.0782529300857133,-0.000105270389471397
6.755,0.0782529300857133,-8.22286585871241e-05
6.76,0.0782529300857133,-4.18675343880414e-05
6.765,0.0782529300857133,5.82531800208267e-06
6.77,0.0782529300857133,4.93050804037977e-05
6.775,0.0782529300857133,7.83984265942218e-05
6.78,0.0782529300857133,8.68221831726422e-05
6.785,0.0782529300857133,7.42893009987127e-05
6.79,-0.396211040360617,4.40317489269038e-05
6.795,-0.396211040360617,-1.52398040522855e-06
6.8,0.333055826805174,-4.85708510228335e-05
6.805,0.333055826805174,-7.55459124019363e-05
6.81,0.643735091199324,-7.44092230617531e-05
6.815,0.643735091199324,-4.34288278263761e-05
6.82,0.643735091199324,9.26118569895137e-06
6.825,0.643735091199324,6.96623148076982e-05
6.83,0.643735091199324,0.000121721343684863
6.835,0.643735091199324,0.000153273115947942
6.84,-0.743971200559655,0.000150348689368631
6.845,-0.743971200559655,9.60043004779664e-05
6.85,-0.998160789522721,2.83726121575713e-06
6.855,-0.998160789522721,-0.000104788498789958
6.86,-0.998160789522721,-0.000203845244858161
6.865,-0.998160789522721,-0.000278134588780254
6.87,-0.657757867287136,-0.000317832884794808
6.875,-0.657757867287136,-0.000316198369472577
6.88,0.934798358938944,-0.000269226546071157
6.885,0.934798358938944,-0.000162767751413745
6.89,0.12239958541932,-1.60224272431837e-05
6.895,0.12239958541932,0.000125998710471046
6.9,0.12239958541932,0.000223655967661067
6.905,0.12239958541932,0.000250318056146203
6.91,0.12239958541932,0.00020369228896398
6.915,0.12239958541932,0.000106574072229757
6.92,-0.76373300090362,-9.60577471937582e-06
6.925,-0.76373300090362,-0.00012707502982032
6.93,-0.76373300090362,-0.000225442993868491
6.935,-0.76373300090362,-0.000291948974489785
6.94,0.338350609068788,-0.000311846893319702
6.945,0.338350609068788,-0.000271343328553395
6.95,0.338350609068788,-0.000177225260550229
6.955,0.338350609068788,-4.96382502311265e-05
6.96,0.338350609068788,8.42455629621516e-05
6.965,0.338350609068788,0.000191128682143286
6.97,0.338350609068788,0.000242220047010549
6.975,0.338350609068788,0.00022526855313591
6.98,0.619133465640092,0.000153887576527826
6.985,0.619133465640092,6.07798870627168e-05
6.99,-0.26216690787221,-2.81319691073706e-05
6.995,-0.26216690787221,-0.0001052808154974
7,-0.26216690787221,-0.00015924260577756
7.005,-0.26216690787221,-0.000182507130138481
7.01,0.0785481254791769,-0.000172737860936584
7.015,0.0785481254791769,-0.00012945609176648
7.02,0.0785481254791769,-6.18933273180945e-05
7.025,0.0785481254791769,1.44284371517133e-05
7.03,0.0785481254791769,8.1848750124969e-05
7.035,0.0785481254791769,0.00012373168273303
7.04,0.0785481254791769,0.000131147687112294
7.045,0.0785481254791769,0.000105033716819221
7.05,0.0785481254791769,5.61068388878409e-05
7.055,0.0785481254791769,-2.46131945129611e-07
7.06,0.0785481254791769,-4.94930664297382e-05
7.065,0.0785481254791769,-8.12115261241362e-05
7.07,0.0785481254791769,-9.06101051957619e-05
7.075,0.0785481254791769,-7.80148566728375e-05
7.08,0.963275901941499,-4.41170011307044e-05
7.085,0.963275901941499,1.53541991127527e-05
7.09,0.687190095546873,8.66207239300524e-05
7.095,0.687190095546873,0.00014588235567149
7.1,0.687190095546873,0.000176218759666833
7.105,0.687190095546873,0.000171018461561188
7.11,0.687190095546873,0.00013530999856042
7.115,0.687190095546873,8.29502654932178e-05
7.12,0.711045611691823,3.05739090485471e-05
7.125,0.711045611691823,-7.73042065661525e-06
7.13,0.711045611691823,-2.40590825868786e-05
7.135,0.711045611691823,-1.67619281964853e-05
7.14,0.711045611691823,1.02413792982895e-05
7.145,0.711045611691823,4.87484159313553e-05
7.15,-0.289529073740176,8.41289732090022e-05
7.155,-0.289529073740176,9.24258509601326e-05
7.16,-0.289529073740176,6.97103749105193e-05
7.165,-0.289529073740176,2.50175502878656e-05
7.17,-0.289529073740176,-2.82476132462131e-05
7.175,-0.289529073740176,-7.68626230036507e-05
7.18,-0.289529073740176,-0.000111077411829447
7.185,-0.289529073740176,-0.000125502075694347
7.19,-0.247455579442337,-0.000119265793382218
7.195,-0.247455579442337,-9.48140491821529e-05
7.2,-0.247455579442337,-5.83475822388371e-05
7.205,-0.247455579442337,-1.83074251068097e-05
7.21,-0.247455579442337,1.62739447862094e-05
7.215,-0.247455579442337,3.7907786213088e-05
7.22,-0.247455579442337,4.25725318903726e-05
7.225,-0.247455579442337,3.0714168577808e-05
7.23,-0.247455579442337,6.83188026749225e-06
7.235,-0.247455579442337,-2.21625093451775e-05
7.24,-0.247455579442337,-4.91658412665458e-05
7.245,-0.247455579442337,-6.84285980543006e-05
7.25,0.618152609527394,-7.31802538633033e-05
7.255,0.618152609527394,-5.04796977308336e-05
7.26,0.618152609527394,-4.3531652856767e-06
7.265,0.618152609527394,5.27177569693577e-05
7.27,0.618152609527394,0.000105614470765972
7.275,0.618152609527394,0.000140635949840114
7.28,-0.143494014041228,0.000145991462100218
7.285,-0.143494014041228,0.000111697027434731
7.29,0.0359558779362874,4.90399360472159e-05
7.295,0.0359558779362874,-1.9600037391014e-05
7.3,0.0359558779362874,-7.65392066242691e-05
7.305,0.0359558779362874,-0.000110529354719978
7.31,-0.758776773405675,-0.000120501533199283
7.315,-0.758776773405675,-0.000119262895326798
7.32,-0.179014969390118,-0.000108756467489898
7.325,-0.179014969390118,-8.26888415938412e-05
7.33,-0.179014969390118,-4.5505252128555e-05
7.335,-0.179014969390118,-5.95805522343109e-06
7.34,-0.547624640494649,2.54135544420385e-05
7.345,-0.547624640494649,3.6339549706516e-05
7.35,-0.547624640494649,2.47508851646375e-05
7.355,-0.547624640494649,-4.44544635456465e-06
7.36,-0.547624640494649,-4.2614578033463e-05
7.365,-0.547624640494649,-8.04457716523573e-05
7.37,0.230761751261178,-0.000106719147097801
7.375,0.230761751261178,-0.000105827632561234
7.38,0.165972765495348,-7.76403711786773e-05
7.385,0.165972765495348,-3.12812605728338e-05
7.39,0.496387755055374,2.30542966730088e-05
7.395,0.496387755055374,7.67870040313549e-05
7.4,-0.419118671446041,0.000113362788610058
7.405,-0.419118671446041,0.000110750159657256
7.41,-0.419118671446041,6.99628299990715e-05
7.415,-0.419118671446041,5.76446451102049e-06
7.42,-0.419118671446041,-6.36418909035794e-05
7.425,-0.419118671446041,-0.000122394972034027
7.43,-0.234181768786447,-0.00015949917021801
7.435,-0.234181768786447,-0.000166882632695901
7.44,-0.469438180379941,-0.000146591503252992
7.445,-0.469438180379941,-0.000108716897583184
7.45,-0.469438180379941,-6.2895179100359e-05
7.455,-0.469438180379941,-1.85500179459542e-05
7.46,-0.64875253337767,1.40283698079546e-05
7.465,-0.64875253337767,2.56955661601734e-05
7.47,-0.64875253337767,1.50145735028155e-05
7.475,-0.64875253337767,-1.35549411495956e-05
7.48,0.965326799443901,-4.4507195112138e-05
7.485,0.965326799443901,-4.62880139732256e-05
7.49,0.965326799443901,-1.51173622817923e-05
7.495,0.965326799443901,3.93263764874984e-05
7.5,-0.460497584535195,9.6025296332333e-05
7.505,-0.460497584535195,0.000118279269236471
7.51,-0.312245991770034,9.74681202082122e-05
7.515,-0.312245991770034,4.58207709043062e-05
7.52,-0.312245991770034,-1.9495431574824e-05
7.525,-0.312245991770034,-8.1548500571322e-05
7.53,-0.312245991770034,-0.000127584974677379
7.535,-0.312245991770034,-0.000150162396952343
7.54,-0.312245991770034,-0.000147677667722232
7.545,-0.312245991770034,-0.000122821873621934
7.55,-0.312245991770034,-8.22765623172324e-05
7.555,-0.312245991770034,-3.52605546033518e-05
7.56,-0.168138666556904,8.4267661827876e-06
7.565,-0.168138666556904,4.14224565282747e-05
7.57,-0.168138666556904,5.72714925867082e-05
7.575,-0.168138666556904,5.36275786989052e-05
7.58,-0.784461969512514,3.0721507135669e-05
7.585,-0.784461969512514,-1.31933860645184e-05
7.59,-0.812616301299466,-6.78266117991852e-05
7.595,-0.812616301299466,-0.000123252582713988
7.6,0.75930744896381,-0.0001615823246828
7.605,0.75930744896381,-0.000152959384109728
7.61,0.75930744896381,-9.66701506470408e-05
7.615,0.75930744896381,-7.35762441341787e-06
7.62,-0.635521118741284,8.56157803996893e-05
7.625,-0.635521118741284,0.000138754772994666
7.63,-0.478544001889071,0.00013575579601032
7.635,-0.478544001889071,8.5455890204265e-05
7.64,-0.478544001889071,7.04508057046676e-06
7.645,-0.478544001889071,-7.70430384789465e-05
7.65,-0.188712501328662,-0.000146476769838799
7.655,-0.188712501328662,-0.00018537296064319
7.66,-0.188712501328662,-0.000188765838368128
7.665,-0.188712501328662,-0.000159589312455957
7.67,-0.188712501328662,-0.000105738636681155
7.675,-0.188712501328662,-3.93248621298641e-05
7.68,-0.188712501328662,2.49201443087758e-05
7.685,-0.188712501328662,7.31790190868467e-05
7.69,-0.954974814519536,9.16510327134192e-05
7.695,-0.954974814519536,6.61536217972544e-05
7.7,0.14948135957173,9.25657956814198e-06
7.705,0.14948135957173,-4.50934510320545e-05
7.71,0.14948135957173,-8.07802551565234e-05
7.715,0.14948135957173,-9.21280828470134e-05
7.72,0.14948135957173,-7.92117308655929e-05
7.725,0.14948135957173,-4.69783885130705e-05
7.73,0.14948135957173,-3.89727092353059e-06
7.735,0.14948135957173,3.93666419948434e-05
7.74,0.14948135957173,7.25185116835749e-05
7.745,0.14948135957173,8.773679264119e-05
7.75,-0.374562226358769,8.03638808528116e-05
7.755,-0.374562226358769,4.70734178546545e-05
7.76,-0.374562226358769,-3.19395890508962e-06
7.765,-0.374562226358769,-5.67416903431586e-05
7.77,-0.374562226358769,-0.000101518802747142
7.775,-0.374562226358769,-0.000129443803324014
7.78,0.6770305113765,-0.000132573594582015
7.785,0.6770305113765,-9.63401491329632e-05
7.79,-0.642467626495264,-3.26758303368765e-05
7.795,-0.642467626495264,2.23131342154667e-05
7.8,0.154228621799831,5.51181217518306e-05
7.805,0.154228621799831,7.17064454515769e-05
7.81,-0.811541322224531,6.84998963067604e-05
7.815,-0.811541322224531,3.32910901783388e-05
7.82,-0.197047337513482,-2.29965141957476e-05
7.825,-0.197047337513482,-7.57700714092203e-05
7.83,-0.058151487283332,-0.000111167891643433
7.835,-0.058151487283332,-0.000121831794623795
7.84,-0.391898626603216,-0.000109057055301897
7.845,-0.391898626603216,-8.26867220015807e-05
7.85,-0.391898626603216,-5.0242150209278e-05
7.855,-0.391898626603216,-1.89420890980254e-05
7.86,0.399775699856583,7.99821767331241e-06
7.865,0.399775699856583,3.68293263946827e-05
7.87,-0.277061516543676,6.03954787750042e-05
7.875,-0.277061516543676,6.32368476322976e-05
7.88,-0.932792327867141,4.11176434215478e-05
7.885,-0.932792327867141,-8.0907062994516e-06
7.89,-0.932792327867141,-7.26504911064823e-05
7.895,-0.932792327867141,-0.000137261583609383
7.9,-0.932792327867141,-0.000189576984734561
7.905,-0.932792327867141,-0.000222018041089495
7.91,-0.932792327867141,-0.000231406312860249
7.915,-0.932792327867141,-0.000218598099807835
7.92,0.862387801763898,-0.000180402417373872
7.925,0.862387801763898,-9.71133190723216e-05
7.93,-0.360800529639008,1.36205502445054e-05
7.935,-0.360800529639008,0.00010725175372819
7.94,-0.061728561388253,0.000156608348985285
7.945,-0.061728561388253,0.000156262567864057
7.95,0.308891415514133,0.000113563495805936
7.955,0.308891415514133,5.0823541684691e-05
7.96,0.308891415514133,-1.13422649445096e-05
7.965,0.308891415514133,-5.79280845743956e-05
7.97,0.308891415514133,-8.00619277638953e-05
7.975,0.308891415514133,-7.56397056593269e-05
7.98,0.308891415514133,-4.80010999460904e-05
7.985,0.308891415514133,-5.17117893378521e-06
7.99,0.308891415514133,4.19314683010318e-05
7.995,0.308891415514133,8.14532722327359e-05
8,0.308891415514133,0.000103836992491572
8.005,0.308891415514133,0.000104542456779054
8.01,0.308891415514133,8.54373147902519e-05
8.015,0.308891415514133,5.36903700458266e-05
8.02,0.184761605917695,1.83948058875815e-05
8.025,0.184761605917695,-1.32795816167174e-05
8.03,0.639962445563881,-3.3029092265566e-05
8.035,0.639962445563881,-3.04789530406207e-05
8.04,-0.436717886411767,-1.06364865183624e-05
8.045,-0.436717886411767,3.86355405350084e-06
8.05,-0.436717886411767,5.90925016576998e-06
8.055,-0.436717886411767,-3.8145278057649e-06
8.06,0.937298660462187,-1.64589982169105e-05
8.065,0.937298660462187,-7.74264156711857e-06
8.07,-0.0626678131313489,1.9803089278791e-05
8.075,-0.0626678131313489,4.25180068209244e-05
8.08,-0.0626678131313489,5.1260124336217e-05
8.085,-0.0626678131313489,4.52006058008201e-05
8.09,-0.34970863635888,2.59949675615692e-05
8.095,-0.34970863635888,-4.7527495366535e-06
8.1,0.788741593341956,-3.50562205984417e-05
8.105,0.788741593341956,-3.99240203222256e-05
8.11,0.788741593341956,-1.67774115779347e-05
8.115,0.788741593341956,2.63504102403974e-05
8.12,0.788741593341956,7.73175634925809e-05
8.125,0.788741593341956,0.000122339345532376
8.13,0.788741593341956,0.000149146882217555
8.135,0.788741593341956,0.000151677721257857
8.14,0.221917317492401,0.00012916298745796
8.145,0.221917317492401,8.20199562486744e-05
8.15,0.221917317492401,2.36870269575378e-05
8.155,0.221917317492401,-2.97059393238969e-05
8.16,-0.557604483648185,-6.97191589857095e-05
8.165,-0.557604483648185,-0.000100837578896329
8.17,-0.557604483648185,-0.000120724659209379
8.175,-0.557604483648185,-0.000126718420480749
8.18,-0.557604483648185,-0.000119045495010837
8.185,-0.557604483648185,-0.00010041427827376
8.19,-0.557604483648185,-7.53787009795363e-05
8.195,-0.557604483648185,-4.94705245263034e-05
8.2,-0.153094162074523,-2.59971052055494e-05
8.205,-0.153094162074523,-4.01921317139088e-06
8.21,-0.153094162074523,1.32283380874062e-05
8.215,-0.153094162074523,2.21386634372472e-05
8.22,-0.153094162074523,2.13376827318086e-05
8.225,-0.153094162074523,1.1996709063542e-05
8.23,0.818353428425121,1.0871491644352e-06
8.235,0.818353428425121,6.18591190620785e-06
8.24,-0.467057018441855,2.31538833583851e-05
8.245,-0.467057018441855,2.70589749946397e-05
8.25,-0.467057018441855,1.3260428440325e-05
8.255,-0.467057018441855,-1.32504066789032e-05
8.26,-0.467057018441855,-4.5112563560925e-05
8.265,-0.467057018441855,-7.55454025589103e-05
8.27,0.692686564817387,-9.29173714069873e-05
8.275,0.692686564817387,-7.68340661386191e-05
8.28,0.692686564817387,-2.92657990449173e-05
8.285,0.692686564817387,3.64466528937633e-05
8.29,0.692686564817387,0.000103055512792262
8.295,0.692686564817387,0.000152828216221967
8.3,0.692686564817387,0.000172537194818483
8.305,0.692686564817387,0.000159177855509585
8.31,0.692686564817387,0.000119931337609329
8.315,0.692686564817387,6.90349306937138e-05
8.32,0.692686564817387,2.18087256734199e-05
8.325,0.692686564817387,-1.0032491446083e-05
8.33,-0.437989394932258,-2.49285989755572e-05
8.335,-0.437989394932258,-3.83867393191748e-05
8.34,0.119829721996558,-4.98145860734919e-05
8.345,0.119829721996558,-4.8328736435664e-05
8.35,0.119829721996558,-3.34406458162512e-05
8.355,0.119829721996558,-9.61598785513473e-06
8.36,0.0542854835213045,1.66531252189339e-05
8.365,0.0542854835213045,3.80299188548261e-05
8.37,0.0542854835213045,4.93748372204421e-05
8.375,0.0542854835213045,4.88747761359389e-05
8.38,0.0542854835213045,3.77430203737112e-05
8.385,0.0542854835213045,1.98101383557667e-05
8.39,0.0851512686246521,2.56184213865244e-07
8.395,0.0851512686246521,-1.56479763954771e-05
8.4,0.0851512686246521,-2.44509791508411e-05
8.405,0.0851512686246521,-2.48714039633125e-05
8.41,0.0851512686246521,-1.75987231546894e-05
8.415,0.0851512686246521,-5.0158859925519e-06
8.42,0.75074319720837,1.21300320301627e-05
8.425,0.75074319720837,3.97853475834893e-05
8.43,-0.0361042167222083,6.9345598655735e-05
8.435,-0.0361042167222083,8.05026736827731e-05
8.44,0.887245249096776,7.33344155169865e-05
8.445,0.887245249096776,6.58098827819396e-05
8.45,-0.275418196144348,5.8845602874663e-05
8.455,-0.275418196144348,3.59658184144929e-05
8.46,-0.275418196144348,1.43854147457443e-07
8.465,-0.275418196144348,-3.877872425004e-05
8.47,0.915387879683166,-6.68464200567482e-05
8.475,0.915387879683166,-6.09358028113518e-05
8.48,0.518585929039679,-2.23906298638551e-05
8.485,0.518585929039679,3.11690900007046e-05
8.49,0.352244607727504,8.35237175470603e-05
8.495,0.352244607727504,0.000118554385472603
8.5,0.421870856651047,0.000127827216466694
8.505,0.421870856651047,0.000112084568031211
8.51,0.34361633082843,7.82071078291712e-05
8.515,0.34361633082843,3.61483234220583e-05
8.52,0.34361633082843,-2.72426295537341e-06
8.525,0.34361633082843,-2.9266183022113e-05
8.53,0.34361633082843,-3.86623605683059e-05
8.535,0.34361633082843,-3.04595853758357e-05
8.54,0.34361633082843,-8.14022544353496e-06
8.545,0.34361633082843,2.19193802867767e-05
8.55,-0.390280999103474,4.89607517646546e-05
8.555,-0.390280999103474,5.52458446740809e-05
8.56,-0.390280999103474,3.82810858218842e-05
8.565,-0.390280999103474,4.6412711936601e-06
8.57,-0.864014463059979,-3.80105441348851e-05
8.575,-0.864014463059979,-8.63961781997918e-05
8.58,-0.864014463059979,-0.000131954696845277
8.585,-0.864014463059979,-0.000166457646730652
8.59,0.490419686805989,-0.000179663589418142
8.595,0.490419686805989,-0.000149994413234138
8.6,0.490419686805989,-8.14228049865247e-05
8.605,0.490419686805989,9.3717934234485e-06
8.61,-0.551919938351563,9.57566016446248e-05
8.615,-0.551919938351563,0.000140352498283354
8.62,-0.335665454027433,0.000131508468350208
8.625,-0.335665454027433,8.0051983910076e-05
8.63,-0.335665454027433,5.36298039023277e-06
8.635,-0.335665454027433,-7.15115544167357e-05
8.64,0.688784313054409,-0.000129131666636238
8.645,0.688784313054409,-0.000141927944048551
8.65,0.688784313054409,-0.00010839177017642
8.655,0.688784313054409,-3.92752218846573e-05
8.66,0.688784313054409,4.80002826592626e-05
8.665,0.688784313054409,0.000130845785326615
8.67,0.688784313054409,0.000187131761695612
8.675,0.688784313054409,0.000201764226789514
8.68,0.688784313054409,0.000174034857418097
8.685,0.688784313054409,0.00011692106231297
8.69,0.311075177397916,4.88488252083071e-05
8.695,0.311075177397916,-1.63476875105577e-05
8.7,0.311075177397916,-6.46156228078648e-05
8.705,0.311075177397916,-8.66892846265156e-05
8.71,0.561039305462716,-7.9566110315723e-05
8.715,0.561039305462716,-4.39463763013056e-05
8.72,0.561039305462716,1.1100548335749e-05
8.725,0.561039305462716,7.12387237910081e-05
8.73,0.561039305462716,0.000120790459920556
8.735,0.561039305462716,0.000146956152817337
8.74,0.561039305462716,0.000144268602951993
8.745,0.561039305462716,0.000116260566073747
8.75,0.561039305462716,7.35886091946588e-05
8.755,0.561039305462716,2.95313063591348e-05
8.76,0.561039305462716,-4.41537790745159e-06
8.765,0.561039305462716,-2.10395366916692e-05
8.77,0.561039305462716,-1.81941569532188e-05
8.775,0.561039305462716,1.61523327700849e-06
8.78,0.561039305462716,3.22180922516407e-05
8.785,0.561039305462716,6.51603750202465e-05
8.79,-0.350664131493999,8.8148686846096e-05
8.795,-0.350664131493999,8.18739610338483e-05
8.8,-0.350664131493999,4.73800290095014e-05
8.805,-0.350664131493999,-3.60013376351169e-06
8.81,-0.986569371363045,-5.98422442353582e-05
8.815,-0.986569371363045,-0.000118115868513358
8.82,-0.204340975163591,-0.000166856888389749
8.825,-0.204340975163591,-0.000185789628598523
8.83,-0.204340975163591,-0.00017145011388913
8.835,-0.204340975163591,-0.000129410993661382
8.84,-0.226457610958031,-6.96854463032257e-05
8.845,-0.226457610958031,-5.82358065445577e-06
8.85,-0.831982488262851,4.5276331239861e-05
8.855,-0.831982488262851,6.41936392282873e-05
8.86,-0.831982488262851,4.65110009984253e-05
8.865,-0.831982488262851,-2.40811261680417e-07
8.87,-0.997697885741786,-6.2759826655757e-05
8.875,-0.997697885741786,-0.000128236455935024
8.88,0.0751016815153427,-0.000180319706729642
8.885,0.0751016815153427,-0.000194675653516922
8.89,-0.15130192036925,-0.000169166492462103
8.895,-0.15130192036925,-0.000115270000318907
8.9,0.078167267942072,-4.5132080371347e-05
8.905,0.078167267942072,2.90666969952094e-05
8.91,0.078167267942072,9.09460054557486e-05
8.915,0.078167267942072,0.000125485736222087
8.92,0.078167267942072,0.000125585962960097
8.925,0.078167267942072,9.44873772529694e-05
8.93,0.540319457217219,4.59092637903904e-05
8.935,0.540319457217219,1.6254679524403e-06
8.94,0.355056385626443,-2.70539225297851e-05
8.945,0.355056385626443,-3.80321251948498e-05
8.95,0.569478589521483,-3.05541469307061e-05
8.955,0.569478589521483,-4.48514398321077e-06
8.96,0.0572856925787768,3.11844966082936e-05
8.965,0.0572856925787768,5.93397364528339e-05
8.97,0.0572856925787768,7.15033584666303e-05
8.975,0.0572856925787768,6.59754508380179e-05
8.98,0.0572856925787768,4.59394102686101e-05
8.985,0.0572856925787768,1.79232106632789e-05
8.99,0.0572856925787768,-1.03597788277988e-05
8.995,0.0572856925787768,-3.22514328071146e-05
9,-0.928474533461764,-4.7533382999424e-05
9.005,-0.928474533461764,-6.8678214064714e-05
9.01,-0.928474533461764,-9.45689907939916e-05
9.015,-0.928474533461764,-0.000119579459024147
9.02,-0.928474533461764,-0.00013913985928306
9.025,-0.928474533461764,-0.000150193108698367
9.03,-0.928474533461764,-0.000151627485555502
9.035,-0.928474533461764,-0.000144244650731411
9.04,0.648251168632938,-0.000123799739645703
9.045,0.648251168632938,-7.0019614084463e-05
9.05,0.443516066782205,8.13457161223868e-06
9.055,0.443516066782205,8.78911516868843e-05
9.06,0.0530280140693593,0.000146448341429869
9.065,0.0530280140693593,0.000163017977891925
9.07,-0.694557599123536,0.000131724771715655
9.075,-0.694557599123536,5.49557285861755e-05
9.08,0.317750785901781,-4.03824210310606e-05
9.085,0.317750785901781,-0.000114980044383416
9.09,0.214778427536695,-0.00015092687661442
9.095,0.214778427536695,-0.000147691073662862
9.1,0.214778427536695,-0.000109844174715254
9.105,0.214778427536695,-4.77471787507679e-05
9.11,0.616509489076404,2.58227617207455e-05
9.115,0.616509489076404,9.85781945293993e-05
9.12,0.476853679953883,0.000152706434556414
9.125,0.476853679953883,0.000172042000795234
9.13,0.476853679953883,0.000153323730717615
9.135,0.476853679953883,0.000106047330707916
9.14,0.476853679953883,4.68395007459756e-05
9.145,0.476853679953883,-7.18442762406845e-06
9.15,0.476853679953883,-4.34001437711995e-05
9.155,0.476853679953883,-5.52679336402282e-05
9.16,0.514300803363662,-4.25319694904167e-05
9.165,0.514300803363662,-9.72171915042181e-06
9.17,0.834848684098765,3.53137846807067e-05
9.175,0.834848684098765,8.54500606164771e-05
9.18,0.461876826627963,0.000126778991986661
9.185,0.461876826627963,0.000142786321021333
9.19,0.461876826627963,0.000129844318931136
9.195,0.461876826627963,9.45581976412851e-05
9.2,0.531000033242877,4.94604569126845e-05
9.205,0.531000033242877,8.55238828369357e-06
9.21,0.531000033242877,-1.81146189686388e-05
9.215,0.531000033242877,-2.57212563340051e-05
9.22,0.622676046417018,-1.40009757889181e-05
9.225,0.622676046417018,1.40102238270746e-05
9.23,-0.425003653867738,4.59116954854153e-05
9.235,-0.425003653867738,5.78315993601227e-05
9.24,-0.425003653867738,4.451044434336e-05
9.245,-0.425003653867738,1.16690289753806e-05
9.25,0.81777307262693,-2.59203079041733e-05
9.255,0.81777307262693,-3.94103364315704e-05
9.26,0.81777307262693,-2.3635043477324e-05
9.265,0.81777307262693,1.51304984621758e-05
9.27,0.152418761326014,6.29342970261324e-05
9.275,0.152418761326014,9.6626199701427e-05
9.28,0.152418761326014,0.000105929348532819
9.285,0.152418761326014,9.05758729131593e-05
9.29,0.152418761326014,5.71724664492465e-05
9.295,0.152418761326014,1.63662016561347e-05
9.3,0.152418761326014,-2.09534844657838e-05
9.305,0.152418761326014,-4.63979161538667e-05
9.31,0.152418761326014,-5.55423078156705e-05
9.315,0.152418761326014,-4.79265458225618e-05
9.32,-0.366726486589306,-2.8562947284571e-05
9.325,-0.366726486589306,-1.09786512919321e-05
9.33,0.0931862291806456,8.93462405005222e-07
9.335,0.0931862291806456,1.17581500777299e-05
9.34,0.0931862291806456,2.09770862161032e-05
9.345,0.0931862291806456,2.65135676209143e-05
9.35,0.0931862291806456,2.73243358872315e-05
9.355,0.0931862291806456,2.37123848285534e-05
9.36,0.148542316257624,1.72017911930229e-05
9.365,0.148542316257624,1.05022287671807e-05
9.37,0.288885562862673,6.00435903553748e-06
9.375,0.288885562862673,6.70865474724988e-06
9.38,0.288885562862673,1.25014722129084e-05
9.385,0.288885562862673,2.15215589240781e-05
9.39,-0.295235260345369,2.88241061501282e-05
9.395,-0.295235260345369,2.39158441480686e-05
9.4,0.358033508186404,9.51157349351418e-06
9.405,0.358033508186404,4.02324459941374e-09
9.41,0.358033508186404,-2.45825484410295e-07
9.415,0.358033508186404,7.92666455713854e-06
9.42,0.358033508186404,2.17992334646926e-05
9.425,0.358033508186404,3.74835817474657e-05
9.43,0.358033508186404,5.0964422781437e-05
9.435,0.358033508186404,5.89799930268082e-05
9.44,0.358033508186404,6.0030039134861e-05
9.445,0.358033508186404,5.44850825127877e-05
9.45,0.358033508186404,4.43755176803364e-05
9.455,0.358033508186404,3.29171472288222e-05
9.46,-0.271573421028167,2.06424912848155e-05
9.465,-0.271573421028167,1.07493544932635e-06
9.47,0.890348226218803,-1.84599584446422e-05
9.475,0.890348226218803,-1.57566186883385e-05
9.48,0.890348226218803,1.10643080622815e-05
9.485,0.890348226218803,5.34187105111301e-05
9.49,0.890348226218803,9.9283952137994e-05
9.495,0.890348226218803,0.000135882815553957
9.5,0.890348226218803,0.000153577235927459
9.505,0.890348226218803,0.000148770811127137
9.51,0.890348226218803,0.000125091097125263
9.515,0.890348226218803,9.14186800599466e-05
9.52,0.890348226218803,5.83023217202807e-05
9.525,0.890348226218803,3.46680903791086e-05
9.53,0.890348226218803,2.56208031945696e-05
9.535,0.890348226218803,3.20457751391935e-05
9.54,0.890348226218803,5.0868390391451e-05
9.545,0.890348226218803,7.61327175414812e-05
9.55,0.890348226218803,0.000100565655595644
9.555,0.890348226218803,0.000117516246538091
9.56,0.582130155147954,0.000121660617724157
9.565,0.582130155147954,0.000108308570968109
9.57,0.41856340542109,8.09442311212353e-05
9.575,0.41856340542109,4.60519470917746e-05
9.58,0.41856340542109,1.29192781249985e-05
9.585,0.41856340542109,-1.03661861165322e-05
9.59,0.527538846012407,-1.89008981012213e-05
9.595,0.527538846012407,-1.04313351712826e-05
9.6,-0.761207504405389,6.63866192243582e-06
9.605,-0.761207504405389,7.68737688081544e-06
9.61,-0.761207504405389,-1.09219187283362e-05
9.615,-0.761207504405389,-4.30207576760899e-05
9.62,-0.214607881371269,-7.81027029978177e-05
9.625,-0.214607881371269,-0.000100193450883412
9.63,-0.099724606068208,-0.000103521463147828
9.635,-0.099724606068208,-8.74140610906491e-05
9.64,-0.099724606068208,-5.64456469540266e-05
9.645,-0.099724606068208,-1.83310042843451e-05
9.65,0.0825490127022643,1.87423285733068e-05
9.655,0.0825490127022643,4.9069921763904e-05
9.66,0.0825490127022643,6.64873529462546e-05
9.665,0.0825490127022643,6.76035266448018e-05
9.67,0.323889503811304,5.47575172223888e-05
9.675,0.323889503811304,3.62291029310971e-05
9.68,-0.54057102960732,1.4713421201455e-05
9.685,-0.54057102960732,-1.75613008363774e-05
9.69,-0.29956397311779,-5.44444718435837e-05
9.695,-0.29956397311779,-8.37443650332597e-05
9.7,-0.29956397311779,-9.92640170628964e-05
9.705,-0.29956397311779,-9.92831969647404e-05
9.71,-0.324019196718269,-8.53743392259677e-05
9.715,-0.324019196718269,-6.19544754484908e-05
9.72,-0.324019196718269,-3.47456554489525e-05
9.725,-0.324019196718269,-9.86006163697646e-06
9.73,-0.167682820060407,8.05908470864289e-06
9.735,-0.167682820060407,1.78405293852218e-05
9.74,-0.683858305382618,1.64474509048634e-05
9.745,-0.683858305382618,-2.82797166486079e-06
9.75,0.665833638150432,-3.0182266429326e-05
9.755,0.665833638150432,-3.75731977287097e-05
9.76,0.487118015541705,-2.09967050493024e-05
9.765,0.487118015541705,1.07825434034982e-05
9.77,0.487118015541705,4.83034765192145e-05
9.775,0.487118015541705,8.1707699085239e-05
9.78,0.487118015541705,0.000102660634581856
9.785,0.487118015541705,0.000106501558559232
9.79,0.487118015541705,9.38104613713955e-05
9.795,0.487118015541705,6.97075517913852e-05
9.8,0.487118015541705,4.17993207438835e-05
9.805,0.487118015541705,1.78080995315811e-05
9.81,0.226921473625751,2.37436567237518e-06
9.815,0.226921473625751,-5.72781055748161e-06
9.82,0.226921473625751,-6.43913270438504e-06
9.825,0.226921473625751,-2.9657591060884e-07
9.83,-0.164498329054454,8.81715826142487e-06
9.835,-0.164498329054454,1.26180869168843e-05
9.84,-0.164498329054454,9.25202991937493e-06
9.845,-0.164498329054454,1.56816020737651e-07
9.85,0.0814786742488194,-1.09106763435632e-05
9.855,0.0814786742488194,-1.74907314664513e-05
9.86,0.0814786742488194,-1.75294584336289e-05
9.865,0.0814786742488194,-1.1649822168363e-05
9.87,0.0814786742488194,-1.75011335554888e-06
9.875,0.0814786742488194,9.50799355876625e-06
9.88,-0.739882064716015,1.59687500411372e-05
9.885,-0.739882064716015,4.0159428700543e-06
9.89,-0.739882064716015,-2.50030348449811e-05
9.895,-0.739882064716015,-6.28724664540954e-05
9.9,-0.739882064716015,-0.000100696694841143
9.905,-0.739882064716015,-0.000130933446208843
9.91,-0.739882064716015,-0.000148740609551942
9.915,-0.739882064716015,-0.000152123526242295
9.92,-0.739882064716015,-0.00014189874020434
9.925,-0.739882064716015,-0.000121133488166692
9.93,-0.47044194704874,-9.34951410665378e-05
9.935,-0.47044194704874,-6.07085100242912e-05
9.94,-0.47044194704874,-2.8721273099799e-05
9.945,-0.47044194704874,-4.28359049494368e-06
9.95,0.363851849037882,1.12395663757085e-05
9.955,0.363851849037882,2.78160255416479e-05
9.96,-0.761570917891618,4.00169864471159e-05
9.965,-0.761570917891618,2.7938339567117e-05
9.97,-0.761570917891618,-7.44991028235962e-06
9.975,-0.761570917891618,-5.55616688713777e-05
9.98,-0.761570917891618,-0.000104712005020742
9.985,-0.761570917891618,-0.000144953191437049
9.99,-1,-0.000170914118792243
9.995,-1,-0.000183269961813554
10,-1,-0.000182126971607406
